2025-04-03T07:30:00.000Z;418.6
2025-04-03T07:45:00.000Z;448.8
2025-04-03T08:00:00.000Z;479.1
2025-04-03T08:15:00.000Z;514.3
2025-04-03T08:30:00.000Z;536.0
2025-04-03T08:45:00.000Z;557.6
2025-04-03T09:00:00.000Z;579.3
2025-04-03T09:15:00.000Z;604.1
2025-04-03T09:30:00.000Z;606.4
2025-04-03T09:45:00.000Z;608.0
2025-04-03T10:00:00.000Z;610.3
2025-04-03T10:15:00.000Z;610.3
2025-04-03T10:30:00.000Z;611.8
2025-04-03T10:45:00.000Z;611.8
2025-04-03T11:00:00.000Z;610.3
2025-04-03T11:15:00.000Z;603.1
2025-04-03T11:30:00.000Z;592.3
2025-04-03T11:45:00.000Z;581.6
2025-04-03T12:00:00.000Z;570.9
2025-04-03T12:15:00.000Z;554.0
2025-04-03T12:30:00.000Z;534.9
2025-04-03T12:45:00.000Z;515.8
2025-04-03T13:00:00.000Z;496.6
2025-04-03T13:15:00.000Z;475.4
2025-04-03T13:30:00.000Z;447.8
2025-04-03T13:45:00.000Z;420.2
2025-04-03T14:00:00.000Z;392.7
2025-04-03T14:15:00.000Z;355.2
2025-04-03T14:30:00.000Z;321.5
2025-04-03T14:45:00.000Z;287.9
2025-04-03T15:00:00.000Z;254.2
2025-04-03T15:15:00.000Z;213.2
2025-04-03T15:30:00.000Z;180.9
2025-04-03T15:45:00.000Z;148.6
2025-04-03T16:00:00.000Z;116.3
2025-04-03T16:15:00.000Z;77.1
2025-04-03T16:30:00.000Z;56.5
2025-04-03T16:45:00.000Z;35.9
2025-04-03T17:00:00.000Z;15.3
2025-04-03T17:15:00.000Z;0.0
2025-04-03T17:30:00.000Z;0.0
2025-04-03T17:45:00.000Z;0.0
2025-04-03T18:00:00.000Z;0.0
2025-04-03T18:15:00.000Z;0.0
2025-04-03T18:30:00.000Z;0.0
2025-04-03T18:45:00.000Z;0.0
2025-04-03T19:00:00.000Z;0.0
2025-04-03T19:15:00.000Z;0.0
2025-04-03T19:30:00.000Z;0.0
2025-04-03T19:45:00.000Z;0.0
2025-04-03T20:00:00.000Z;0.0
2025-04-03T20:15:00.000Z;0.0
2025-04-03T20:30:00.000Z;0.0
2025-04-03T20:45:00.000Z;0.0
2025-04-03T21:00:00.000Z;0.0
2025-04-03T21:15:00.000Z;0.0
2025-04-03T21:30:00.000Z;0.0
2025-04-03T21:45:00.000Z;0.0
2025-04-03T22:00:00.000Z;0.0
2025-04-03T22:15:00.000Z;0.0
2025-04-03T22:30:00.000Z;0.0
2025-04-03T22:45:00.000Z;0.0
2025-04-03T23:00:00.000Z;0.0
2025-04-03T23:15:00.000Z;0.0
2025-04-03T23:30:00.000Z;0.0
2025-04-03T23:45:00.000Z;0.0
2025-04-04T00:00:00.000Z;0.0
2025-04-04T00:15:00.000Z;0.0
2025-04-04T00:30:00.000Z;0.0
2025-04-04T00:45:00.000Z;0.0
2025-04-04T01:00:00.000Z;0.0
2025-04-04T01:15:00.000Z;0.0
2025-04-04T01:30:00.000Z;0.0
2025-04-04T01:45:00.000Z;0.0
2025-04-04T02:00:00.000Z;0.0
2025-04-04T02:15:00.000Z;0.0
2025-04-04T02:30:00.000Z;0.0
2025-04-04T02:45:00.000Z;0.0
2025-04-04T03:00:00.000Z;0.0
2025-04-04T03:15:00.000Z;0.0
2025-04-04T03:30:00.000Z;0.0
2025-04-04T03:45:00.000Z;0.0
2025-04-04T04:00:00.000Z;0.0
2025-04-04T04:15:00.000Z;30.5
2025-04-04T04:30:00.000Z;53.8
2025-04-04T04:45:00.000Z;77.0
2025-04-04T05:00:00.000Z;100.3
2025-04-04T05:15:00.000Z;139.5
2025-04-04T05:30:00.000Z;170.4
2025-04-04T05:45:00.000Z;201.4
2025-04-04T06:00:00.000Z;232.4
2025-04-04T06:15:00.000Z;269.1
2025-04-04T06:30:00.000Z;298.5
2025-04-04T06:45:00.000Z;328.0
2025-04-04T07:00:00.000Z;357.4
2025-04-04T07:15:00.000Z;384.9
2025-04-04T07:30:00.000Z;409.3
2025-04-04T07:45:00.000Z;433.7
2025-04-04T08:00:00.000Z;458.1
2025-04-04T08:15:00.000Z;488.2
2025-04-04T08:30:00.000Z;503.3
2025-04-04T08:45:00.000Z;513.4
2025-04-04T09:00:00.000Z;528.6
2025-04-04T09:15:00.000Z;528.6
2025-04-04T09:30:00.000Z;536.1
2025-04-04T09:45:00.000Z;543.6
2025-04-04T10:00:00.000Z;551.1
2025-04-04T10:15:00.000Z;563.9
2025-04-04T10:30:00.000Z;573.0
2025-04-04T10:45:00.000Z;573.0
2025-04-04T11:00:00.000Z;563.9
2025-04-04T11:15:00.000Z;560.7
2025-04-04T11:30:00.000Z;550.8
2025-04-04T11:45:00.000Z;540.8
2025-04-04T12:00:00.000Z;530.9
2025-04-04T12:15:00.000Z;514.7
2025-04-04T12:30:00.000Z;497.5
2025-04-04T12:45:00.000Z;480.3
2025-04-04T13:00:00.000Z;463.1
2025-04-04T13:15:00.000Z;446.4
2025-04-04T13:30:00.000Z;420.9
2025-04-04T13:45:00.000Z;395.4
2025-04-04T14:00:00.000Z;369.9
2025-04-04T14:15:00.000Z;330.8
2025-04-04T14:30:00.000Z;300.2
2025-04-04T14:45:00.000Z;269.6
2025-04-04T15:00:00.000Z;239.0
2025-04-04T15:15:00.000Z;208.1
2025-04-04T15:30:00.000Z;178.2
2025-04-04T15:45:00.000Z;148.4
2025-04-04T16:00:00.000Z;118.6
2025-04-04T16:15:00.000Z;76.9
2025-04-04T16:30:00.000Z;56.5
2025-04-04T16:45:00.000Z;36.1
2025-04-04T17:00:00.000Z;15.7
2025-04-04T17:15:00.000Z;0.0
2025-04-04T17:30:00.000Z;0.0
2025-04-04T17:45:00.000Z;0.0
2025-04-04T18:00:00.000Z;0.0
2025-04-04T18:15:00.000Z;0.0
2025-04-04T18:30:00.000Z;0.0
2025-04-04T18:45:00.000Z;0.0
2025-04-04T19:00:00.000Z;0.0
2025-04-04T19:15:00.000Z;0.0
2025-04-04T19:30:00.000Z;0.0
2025-04-04T19:45:00.000Z;0.0
2025-04-04T20:00:00.000Z;0.0
2025-04-04T20:15:00.000Z;0.0
2025-04-04T20:30:00.000Z;0.0
2025-04-04T20:45:00.000Z;0.0
2025-04-04T21:00:00.000Z;0.0
2025-04-04T21:15:00.000Z;0.0
2025-04-04T21:30:00.000Z;0.0
2025-04-04T21:45:00.000Z;0.0
2025-04-04T22:00:00.000Z;0.0
2025-04-04T22:15:00.000Z;0.0
2025-04-04T22:30:00.000Z;0.0
2025-04-04T22:45:00.000Z;0.0
2025-04-04T23:00:00.000Z;0.0
2025-04-04T23:15:00.000Z;0.0
2025-04-04T23:30:00.000Z;0.0
2025-04-04T23:45:00.000Z;0.0
2025-04-05T00:00:00.000Z;0.0
2025-04-05T00:15:00.000Z;0.0
2025-04-05T00:30:00.000Z;0.0
2025-04-05T00:45:00.000Z;0.0
2025-04-05T01:00:00.000Z;0.0
2025-04-05T01:15:00.000Z;0.0
2025-04-05T01:30:00.000Z;0.0
2025-04-05T01:45:00.000Z;0.0
2025-04-05T02:00:00.000Z;0.0
2025-04-05T02:15:00.000Z;0.0
2025-04-05T02:30:00.000Z;0.0
2025-04-05T02:45:00.000Z;0.0
2025-04-05T03:00:00.000Z;0.0
2025-04-05T03:15:00.000Z;0.0
2025-04-05T03:30:00.000Z;0.0
2025-04-05T03:45:00.000Z;0.0
2025-04-05T04:00:00.000Z;0.0
2025-04-05T04:15:00.000Z;37.1
2025-04-05T04:30:00.000Z;63.6
2025-04-05T04:45:00.000Z;90.1
2025-04-05T05:00:00.000Z;116.6
2025-04-05T05:15:00.000Z;161.1
2025-04-05T05:30:00.000Z;195.1
2025-04-05T05:45:00.000Z;229.1
2025-04-05T06:00:00.000Z;263.2
2025-04-05T06:15:00.000Z;298.5
2025-04-05T06:30:00.000Z;332.3
2025-04-05T06:45:00.000Z;366.1
2025-04-05T07:00:00.000Z;399.9
2025-04-05T07:15:00.000Z;439.7
2025-04-05T07:30:00.000Z;468.2
2025-04-05T07:45:00.000Z;496.7
2025-04-05T08:00:00.000Z;525.2
2025-04-05T08:15:00.000Z;549.2
2025-04-05T08:30:00.000Z;567.8
2025-04-05T08:45:00.000Z;586.4
2025-04-05T09:00:00.000Z;605.0
2025-04-05T09:15:00.000Z;616.9
2025-04-05T09:30:00.000Z;626.5
2025-04-05T09:45:00.000Z;636.1
2025-04-05T10:00:00.000Z;645.6
2025-04-05T10:15:00.000Z;649.2
2025-04-05T10:30:00.000Z;658.1
2025-04-05T10:45:00.000Z;658.1
2025-04-05T11:00:00.000Z;649.2
2025-04-05T11:15:00.000Z;635.0
2025-04-05T11:30:00.000Z;620.6
2025-04-05T11:45:00.000Z;606.3
2025-04-05T12:00:00.000Z;592.0
2025-04-05T12:15:00.000Z;570.8
2025-04-05T12:30:00.000Z;549.6
2025-04-05T12:45:00.000Z;528.3
2025-04-05T13:00:00.000Z;507.1
2025-04-05T13:15:00.000Z;487.2
2025-04-05T13:30:00.000Z;458.0
2025-04-05T13:45:00.000Z;428.8
2025-04-05T14:00:00.000Z;399.7
2025-04-05T14:15:00.000Z;354.0
2025-04-05T14:30:00.000Z;321.6
2025-04-05T14:45:00.000Z;289.3
2025-04-05T15:00:00.000Z;256.9
2025-04-05T15:15:00.000Z;230.8
2025-04-05T15:30:00.000Z;200.1
2025-04-05T15:45:00.000Z;169.4
2025-04-05T16:00:00.000Z;138.7
2025-04-05T16:15:00.000Z;94.7
2025-04-05T16:30:00.000Z;71.6
2025-04-05T16:45:00.000Z;48.5
2025-04-05T17:00:00.000Z;25.4
2025-04-05T17:15:00.000Z;0.0
2025-04-05T17:30:00.000Z;0.0
2025-04-05T17:45:00.000Z;0.0
2025-04-05T18:00:00.000Z;0.0
2025-04-05T18:15:00.000Z;0.0
2025-04-05T18:30:00.000Z;0.0
2025-04-05T18:45:00.000Z;0.0
2025-04-05T19:00:00.000Z;0.0
2025-04-05T19:15:00.000Z;0.0
2025-04-05T19:30:00.000Z;0.0
2025-04-05T19:45:00.000Z;0.0
2025-04-05T20:00:00.000Z;0.0
2025-04-05T20:15:00.000Z;0.0
2025-04-05T20:30:00.000Z;0.0
2025-04-05T20:45:00.000Z;0.0
2025-04-05T21:00:00.000Z;0.0
2025-04-05T21:15:00.000Z;0.0
2025-04-05T21:30:00.000Z;0.0
2025-04-05T21:45:00.000Z;0.0
2025-04-05T22:00:00.000Z;0.0
2025-04-05T22:15:00.000Z;0.0
2025-04-05T22:30:00.000Z;0.0
2025-04-05T22:45:00.000Z;0.0
2025-04-05T23:00:00.000Z;0.0
2025-04-05T23:15:00.000Z;0.0
2025-04-05T23:30:00.000Z;0.0
2025-04-05T23:45:00.000Z;0.0
2025-04-06T00:00:00.000Z;0.0
2025-04-06T00:15:00.000Z;0.0
2025-04-06T00:30:00.000Z;0.0
2025-04-06T00:45:00.000Z;0.0
2025-04-06T01:00:00.000Z;0.0
2025-04-06T01:15:00.000Z;0.0
2025-04-06T01:30:00.000Z;0.0
2025-04-06T01:45:00.000Z;0.0
2025-04-06T02:00:00.000Z;0.0
2025-04-06T02:15:00.000Z;0.0
2025-04-06T02:30:00.000Z;0.0
2025-04-06T02:45:00.000Z;0.0
2025-04-06T03:00:00.000Z;0.0
2025-04-06T03:15:00.000Z;0.0
2025-04-06T03:30:00.000Z;0.0
2025-04-06T03:45:00.000Z;0.0
2025-04-06T04:00:00.000Z;0.0
2025-04-06T04:15:00.000Z;39.2
2025-04-06T04:30:00.000Z;62.6
2025-04-06T04:45:00.000Z;86.0
2025-04-06T05:00:00.000Z;109.4
2025-04-06T05:15:00.000Z;144.7
2025-04-06T05:30:00.000Z;172.9
2025-04-06T05:45:00.000Z;201.2
2025-04-06T06:00:00.000Z;229.4
2025-04-06T06:15:00.000Z;257.2
2025-04-06T06:30:00.000Z;285.9
2025-04-06T06:45:00.000Z;314.7
2025-04-06T07:00:00.000Z;343.5
2025-04-06T07:15:00.000Z;384.2
2025-04-06T07:30:00.000Z;406.2
2025-04-06T07:45:00.000Z;428.3
2025-04-06T08:00:00.000Z;450.4
2025-04-06T08:15:00.000Z;463.7
2025-04-06T08:30:00.000Z;473.6
2025-04-06T08:45:00.000Z;480.2
2025-04-06T09:00:00.000Z;490.2
2025-04-06T09:15:00.000Z;490.2
2025-04-06T09:30:00.000Z;493.4
2025-04-06T09:45:00.000Z;496.6
2025-04-06T10:00:00.000Z;499.9
2025-04-06T10:15:00.000Z;501.3
2025-04-06T10:30:00.000Z;504.4
2025-04-06T10:45:00.000Z;504.4
2025-04-06T11:00:00.000Z;501.3
2025-04-06T11:15:00.000Z;483.9
2025-04-06T11:30:00.000Z;472.3
2025-04-06T11:45:00.000Z;460.6
2025-04-06T12:00:00.000Z;449.0
2025-04-06T12:15:00.000Z;441.7
2025-04-06T12:30:00.000Z;420.4
2025-04-06T12:45:00.000Z;399.1
2025-04-06T13:00:00.000Z;377.8
2025-04-06T13:15:00.000Z;334.7
2025-04-06T13:30:00.000Z;309.0
2025-04-06T13:45:00.000Z;283.2
2025-04-06T14:00:00.000Z;257.5
2025-04-06T14:15:00.000Z;235.7
2025-04-06T14:30:00.000Z;214.4
2025-04-06T14:45:00.000Z;193.0
2025-04-06T15:00:00.000Z;171.7
2025-04-06T15:15:00.000Z;156.9
2025-04-06T15:30:00.000Z;135.8
2025-04-06T15:45:00.000Z;114.8
2025-04-06T16:00:00.000Z;93.7
2025-04-06T16:15:00.000Z;58.5
2025-04-06T16:30:00.000Z;42.8
2025-04-06T16:45:00.000Z;27.2
2025-04-06T17:00:00.000Z;11.5
2025-04-06T17:15:00.000Z;0.0
2025-04-06T17:30:00.000Z;0.0
2025-04-06T17:45:00.000Z;0.0
2025-04-06T18:00:00.000Z;0.0
2025-04-06T18:15:00.000Z;0.0
2025-04-06T18:30:00.000Z;0.0
2025-04-06T18:45:00.000Z;0.0
2025-04-06T19:00:00.000Z;0.0
2025-04-06T19:15:00.000Z;0.0
2025-04-06T19:30:00.000Z;0.0
2025-04-06T19:45:00.000Z;0.0
2025-04-06T20:00:00.000Z;0.0
2025-04-06T20:15:00.000Z;0.0
2025-04-06T20:30:00.000Z;0.0
2025-04-06T20:45:00.000Z;0.0
2025-04-06T21:00:00.000Z;0.0
2025-04-06T21:15:00.000Z;0.0
2025-04-06T21:30:00.000Z;0.0
2025-04-06T21:45:00.000Z;0.0
2025-04-06T22:00:00.000Z;0.0
2025-04-06T22:15:00.000Z;0.0
2025-04-06T22:30:00.000Z;0.0
2025-04-06T22:45:00.000Z;0.0
2025-04-06T23:00:00.000Z;0.0
2025-04-06T23:15:00.000Z;0.0
2025-04-06T23:30:00.000Z;0.0
2025-04-06T23:45:00.000Z;0.0
2025-04-07T00:00:00.000Z;0.0
2025-04-07T00:15:00.000Z;0.0
2025-04-07T00:30:00.000Z;0.0
2025-04-07T00:45:00.000Z;0.0
2025-04-07T01:00:00.000Z;0.0
2025-04-07T01:15:00.000Z;0.0
2025-04-07T01:30:00.000Z;0.0
2025-04-07T01:45:00.000Z;0.0
2025-04-07T02:00:00.000Z;0.0
2025-04-07T02:15:00.000Z;0.0
2025-04-07T02:30:00.000Z;0.0
2025-04-07T02:45:00.000Z;0.0
2025-04-07T03:00:00.000Z;0.0
2025-04-07T03:15:00.000Z;0.0
2025-04-07T03:30:00.000Z;0.0
2025-04-07T03:45:00.000Z;0.0
2025-04-07T04:00:00.000Z;0.0
2025-04-07T04:15:00.000Z;34.8
2025-04-07T04:30:00.000Z;61.5
2025-04-07T04:45:00.000Z;88.3
2025-04-07T05:00:00.000Z;115.0
2025-04-07T05:15:00.000Z;158.8
2025-04-07T05:30:00.000Z;195.6
2025-04-07T05:45:00.000Z;232.3
2025-04-07T06:00:00.000Z;269.1
2025-04-07T06:15:00.000Z;316.3
2025-04-07T06:30:00.000Z;351.4
2025-04-07T06:45:00.000Z;386.6
2025-04-07T07:00:00.000Z;421.8
2025-04-07T07:15:00.000Z;451.1
2025-04-07T07:30:00.000Z;480.5
2025-04-07T07:45:00.000Z;510.0
2025-04-07T08:00:00.000Z;539.4
2025-04-07T08:15:00.000Z;571.1
2025-04-07T08:30:00.000Z;593.5
2025-04-07T08:45:00.000Z;615.8
2025-04-07T09:00:00.000Z;638.1
2025-04-07T09:15:00.000Z;655.2
2025-04-07T09:30:00.000Z;667.6
2025-04-07T09:45:00.000Z;680.0
2025-04-07T10:00:00.000Z;692.5
2025-04-07T10:15:00.000Z;699.6
2025-04-07T10:30:00.000Z;708.5
2025-04-07T10:45:00.000Z;708.5
2025-04-07T11:00:00.000Z;699.6
2025-04-07T11:15:00.000Z;699.6
2025-04-07T11:30:00.000Z;686.4
2025-04-07T11:45:00.000Z;677.5
2025-04-07T12:00:00.000Z;664.2
2025-04-07T12:15:00.000Z;643.0
2025-04-07T12:30:00.000Z;620.3
2025-04-07T12:45:00.000Z;597.6
2025-04-07T13:00:00.000Z;574.9
2025-04-07T13:15:00.000Z;546.7
2025-04-07T13:30:00.000Z;515.9
2025-04-07T13:45:00.000Z;485.0
2025-04-07T14:00:00.000Z;454.2
2025-04-07T14:15:00.000Z;416.4
2025-04-07T14:30:00.000Z;380.3
2025-04-07T14:45:00.000Z;344.2
2025-04-07T15:00:00.000Z;308.0
2025-04-07T15:15:00.000Z;265.9
2025-04-07T15:30:00.000Z;229.6
2025-04-07T15:45:00.000Z;193.4
2025-04-07T16:00:00.000Z;157.1
2025-04-07T16:15:00.000Z;111.7
2025-04-07T16:30:00.000Z;85.3
2025-04-07T16:45:00.000Z;58.9
2025-04-07T17:00:00.000Z;32.4
2025-04-07T17:15:00.000Z;0.0
2025-04-07T17:30:00.000Z;0.0
2025-04-07T17:45:00.000Z;0.0
2025-04-07T18:00:00.000Z;0.0
2025-04-07T18:15:00.000Z;0.0
2025-04-07T18:30:00.000Z;0.0
2025-04-07T18:45:00.000Z;0.0
2025-04-07T19:00:00.000Z;0.0
2025-04-07T19:15:00.000Z;0.0
2025-04-07T19:30:00.000Z;0.0
2025-04-07T19:45:00.000Z;0.0
2025-04-07T20:00:00.000Z;0.0
2025-04-07T20:15:00.000Z;0.0
2025-04-07T20:30:00.000Z;0.0
2025-04-07T20:45:00.000Z;0.0
2025-04-07T21:00:00.000Z;0.0
2025-04-07T21:15:00.000Z;0.0
2025-04-07T21:30:00.000Z;0.0
2025-04-07T21:45:00.000Z;0.0
2025-04-07T22:00:00.000Z;0.0
2025-04-07T22:15:00.000Z;0.0
2025-04-07T22:30:00.000Z;0.0
2025-04-07T22:45:00.000Z;0.0
2025-04-07T23:00:00.000Z;0.0
2025-04-07T23:15:00.000Z;0.0
2025-04-07T23:30:00.000Z;0.0
2025-04-07T23:45:00.000Z;0.0
2025-04-08T00:00:00.000Z;0.0
2025-04-08T00:15:00.000Z;0.0
2025-04-08T00:30:00.000Z;0.0
2025-04-08T00:45:00.000Z;0.0
2025-04-08T01:00:00.000Z;0.0
2025-04-08T01:15:00.000Z;0.0
2025-04-08T01:30:00.000Z;0.0
2025-04-08T01:45:00.000Z;0.0
2025-04-08T02:00:00.000Z;0.0
2025-04-08T02:15:00.000Z;0.0
2025-04-08T02:30:00.000Z;0.0
2025-04-08T02:45:00.000Z;0.0
2025-04-08T03:00:00.000Z;0.0
2025-04-08T03:15:00.000Z;0.0
2025-04-08T03:30:00.000Z;0.3
2025-04-08T03:45:00.000Z;0.6
2025-04-08T04:00:00.000Z;0.9
2025-04-08T04:15:00.000Z;50.0
2025-04-08T04:30:00.000Z;78.9
2025-04-08T04:45:00.000Z;107.9
2025-04-08T05:00:00.000Z;136.8
2025-04-08T05:15:00.000Z;179.2
2025-04-08T05:30:00.000Z;214.4
2025-04-08T05:45:00.000Z;249.7
2025-04-08T06:00:00.000Z;284.9
2025-04-08T06:15:00.000Z;324.9
2025-04-08T06:30:00.000Z;358.4
2025-04-08T06:45:00.000Z;391.9
2025-04-08T07:00:00.000Z;425.5
2025-04-08T07:15:00.000Z;458.4
2025-04-08T07:30:00.000Z;486.4
2025-04-08T07:45:00.000Z;514.3
2025-04-08T08:00:00.000Z;542.3
2025-04-08T08:15:00.000Z;569.4
2025-04-08T08:30:00.000Z;589.1
2025-04-08T08:45:00.000Z;608.9
2025-04-08T09:00:00.000Z;628.7
2025-04-08T09:15:00.000Z;643.1
2025-04-08T09:30:00.000Z;653.4
2025-04-08T09:45:00.000Z;663.8
2025-04-08T10:00:00.000Z;674.1
2025-04-08T10:15:00.000Z;678.1
2025-04-08T10:30:00.000Z;685.4
2025-04-08T10:45:00.000Z;685.4
2025-04-08T11:00:00.000Z;678.1
2025-04-08T11:15:00.000Z;678.1
2025-04-08T11:30:00.000Z;667.1
2025-04-08T11:45:00.000Z;659.8
2025-04-08T12:00:00.000Z;648.8
2025-04-08T12:15:00.000Z;611.4
2025-04-08T12:30:00.000Z;585.2
2025-04-08T12:45:00.000Z;559.0
2025-04-08T13:00:00.000Z;532.8
2025-04-08T13:15:00.000Z;499.9
2025-04-08T13:30:00.000Z;469.1
2025-04-08T13:45:00.000Z;438.2
2025-04-08T14:00:00.000Z;407.4
2025-04-08T14:15:00.000Z;376.1
2025-04-08T14:30:00.000Z;342.4
2025-04-08T14:45:00.000Z;308.8
2025-04-08T15:00:00.000Z;275.2
2025-04-08T15:15:00.000Z;234.1
2025-04-08T15:30:00.000Z;201.1
2025-04-08T15:45:00.000Z;168.2
2025-04-08T16:00:00.000Z;135.2
2025-04-08T16:15:00.000Z;96.7
2025-04-08T16:30:00.000Z;73.6
2025-04-08T16:45:00.000Z;50.5
2025-04-08T17:00:00.000Z;27.4
2025-04-08T17:15:00.000Z;0.0
2025-04-08T17:30:00.000Z;0.0
2025-04-08T17:45:00.000Z;0.0
2025-04-08T18:00:00.000Z;0.0
2025-04-08T18:15:00.000Z;0.0
2025-04-08T18:30:00.000Z;0.0
2025-04-08T18:45:00.000Z;0.0
2025-04-08T19:00:00.000Z;0.0
2025-04-08T19:15:00.000Z;0.0
2025-04-08T19:30:00.000Z;0.0
2025-04-08T19:45:00.000Z;0.0
2025-04-08T20:00:00.000Z;0.0
2025-04-08T20:15:00.000Z;0.0
2025-04-08T20:30:00.000Z;0.0
2025-04-08T20:45:00.000Z;0.0
2025-04-08T21:00:00.000Z;0.0
2025-04-08T21:15:00.000Z;0.0
2025-04-08T21:30:00.000Z;0.0
2025-04-08T21:45:00.000Z;0.0
2025-04-08T22:00:00.000Z;0.0
2025-04-08T22:15:00.000Z;0.0
2025-04-08T22:30:00.000Z;0.0
2025-04-08T22:45:00.000Z;0.0
2025-04-08T23:00:00.000Z;0.0
2025-04-08T23:15:00.000Z;0.0
2025-04-08T23:30:00.000Z;0.0
2025-04-08T23:45:00.000Z;0.0
2025-04-09T00:00:00.000Z;0.0
2025-04-09T00:15:00.000Z;0.0
2025-04-09T00:30:00.000Z;0.0
2025-04-09T00:45:00.000Z;0.0
2025-04-09T01:00:00.000Z;0.0
2025-04-09T01:15:00.000Z;0.0
2025-04-09T01:30:00.000Z;0.0
2025-04-09T01:45:00.000Z;0.0
2025-04-09T02:00:00.000Z;0.0
2025-04-09T02:15:00.000Z;0.0
2025-04-09T02:30:00.000Z;0.0
2025-04-09T02:45:00.000Z;0.0
2025-04-09T03:00:00.000Z;0.0
2025-04-09T03:15:00.000Z;0.0
2025-04-09T03:30:00.000Z;0.0
2025-04-09T03:45:00.000Z;0.0
2025-04-09T04:00:00.000Z;0.0
2025-04-09T04:15:00.000Z;19.3
2025-04-09T04:30:00.000Z;38.6
2025-04-09T04:45:00.000Z;57.9
2025-04-09T05:00:00.000Z;77.2
2025-04-09T05:15:00.000Z;111.4
2025-04-09T05:30:00.000Z;140.0
2025-04-09T05:45:00.000Z;168.7
2025-04-09T06:00:00.000Z;197.4
2025-04-09T06:15:00.000Z;228.5
2025-04-09T06:30:00.000Z;261.3
2025-04-09T06:45:00.000Z;294.1
2025-04-09T07:00:00.000Z;327.0
2025-04-09T07:15:00.000Z;357.0
2025-04-09T07:30:00.000Z;397.0
2025-04-09T07:45:00.000Z;437.0
2025-04-09T08:00:00.000Z;477.0
2025-04-09T08:15:00.000Z;582.6
2025-04-09T08:30:00.000Z;594.0
2025-04-09T08:45:00.000Z;601.6
2025-04-09T09:00:00.000Z;612.9
2025-04-09T09:15:00.000Z;612.9
2025-04-09T09:30:00.000Z;618.9
2025-04-09T09:45:00.000Z;624.9
2025-04-09T10:00:00.000Z;630.8
2025-04-09T10:15:00.000Z;643.4
2025-04-09T10:30:00.000Z;647.5
2025-04-09T10:45:00.000Z;647.5
2025-04-09T11:00:00.000Z;643.4
2025-04-09T11:15:00.000Z;643.4
2025-04-09T11:30:00.000Z;637.1
2025-04-09T11:45:00.000Z;633.0
2025-04-09T12:00:00.000Z;626.7
2025-04-09T12:15:00.000Z;598.2
2025-04-09T12:30:00.000Z;575.0
2025-04-09T12:45:00.000Z;551.7
2025-04-09T13:00:00.000Z;528.4
2025-04-09T13:15:00.000Z;494.4
2025-04-09T13:30:00.000Z;464.1
2025-04-09T13:45:00.000Z;433.9
2025-04-09T14:00:00.000Z;403.6
2025-04-09T14:15:00.000Z;368.7
2025-04-09T14:30:00.000Z;337.1
2025-04-09T14:45:00.000Z;305.5
2025-04-09T15:00:00.000Z;273.9
2025-04-09T15:15:00.000Z;242.6
2025-04-09T15:30:00.000Z;211.7
2025-04-09T15:45:00.000Z;180.7
2025-04-09T16:00:00.000Z;149.8
2025-04-09T16:15:00.000Z;110.5
2025-04-09T16:30:00.000Z;85.9
2025-04-09T16:45:00.000Z;61.4
2025-04-09T17:00:00.000Z;36.9
2025-04-09T17:15:00.000Z;0.0
2025-04-09T17:30:00.000Z;0.0
2025-04-09T17:45:00.000Z;0.0
2025-04-09T18:00:00.000Z;0.0
2025-04-09T18:15:00.000Z;0.0
2025-04-09T18:30:00.000Z;0.0
2025-04-09T18:45:00.000Z;0.0
2025-04-09T19:00:00.000Z;0.0
2025-04-09T19:15:00.000Z;0.0
2025-04-09T19:30:00.000Z;0.0
2025-04-09T19:45:00.000Z;0.0
2025-04-09T20:00:00.000Z;0.0
2025-04-09T20:15:00.000Z;0.0
2025-04-09T20:30:00.000Z;0.0
2025-04-09T20:45:00.000Z;0.0
2025-04-09T21:00:00.000Z;0.0
2025-04-09T21:15:00.000Z;0.0
2025-04-09T21:30:00.000Z;0.0
2025-04-09T21:45:00.000Z;0.0
2025-04-09T22:00:00.000Z;0.0
2025-04-09T22:15:00.000Z;0.0
2025-04-09T22:30:00.000Z;0.0
2025-04-09T22:45:00.000Z;0.0
2025-04-09T23:00:00.000Z;0.0
2025-04-09T23:15:00.000Z;0.0
2025-04-09T23:30:00.000Z;0.0
2025-04-09T23:45:00.000Z;0.0
2025-04-10T00:00:00.000Z;0.0
2025-04-10T00:15:00.000Z;0.0
2025-04-10T00:30:00.000Z;0.0
2025-04-10T00:45:00.000Z;0.0
2025-04-10T01:00:00.000Z;0.0
2025-04-10T01:15:00.000Z;0.0
2025-04-10T01:30:00.000Z;0.0
2025-04-10T01:45:00.000Z;0.0
2025-04-10T02:00:00.000Z;0.0
2025-04-10T02:15:00.000Z;0.0
2025-04-10T02:30:00.000Z;0.0
2025-04-10T02:45:00.000Z;0.0
2025-04-10T03:00:00.000Z;0.0
2025-04-10T03:15:00.000Z;0.0
2025-04-10T03:30:00.000Z;1.6
2025-04-10T03:45:00.000Z;3.3
2025-04-10T04:00:00.000Z;4.9
2025-04-10T04:15:00.000Z;62.8
2025-04-10T04:30:00.000Z;93.6
2025-04-10T04:45:00.000Z;124.4
2025-04-10T05:00:00.000Z;155.2
2025-04-10T05:15:00.000Z;195.3
2025-04-10T05:30:00.000Z;231.1
2025-04-10T05:45:00.000Z;266.8
2025-04-10T06:00:00.000Z;302.6
2025-04-10T06:15:00.000Z;343.3
2025-04-10T06:30:00.000Z;377.9
2025-04-10T06:45:00.000Z;412.5
2025-04-10T07:00:00.000Z;447.1
2025-04-10T07:15:00.000Z;482.9
2025-04-10T07:30:00.000Z;511.4
2025-04-10T07:45:00.000Z;539.8
2025-04-10T08:00:00.000Z;568.2
2025-04-10T08:15:00.000Z;595.6
2025-04-10T08:30:00.000Z;613.6
2025-04-10T08:45:00.000Z;631.6
2025-04-10T09:00:00.000Z;649.6
2025-04-10T09:15:00.000Z;660.5
2025-04-10T09:30:00.000Z;667.3
2025-04-10T09:45:00.000Z;671.9
2025-04-10T10:00:00.000Z;678.7
2025-04-10T10:15:00.000Z;678.7
2025-04-10T10:30:00.000Z;683.2
2025-04-10T10:45:00.000Z;683.2
2025-04-10T11:00:00.000Z;678.7
2025-04-10T11:15:00.000Z;660.7
2025-04-10T11:30:00.000Z;641.0
2025-04-10T11:45:00.000Z;621.4
2025-04-10T12:00:00.000Z;601.7
2025-04-10T12:15:00.000Z;568.2
2025-04-10T12:30:00.000Z;538.3
2025-04-10T12:45:00.000Z;508.5
2025-04-10T13:00:00.000Z;478.6
2025-04-10T13:15:00.000Z;442.9
2025-04-10T13:30:00.000Z;409.3
2025-04-10T13:45:00.000Z;375.7
2025-04-10T14:00:00.000Z;342.0
2025-04-10T14:15:00.000Z;304.0
2025-04-10T14:30:00.000Z;270.9
2025-04-10T14:45:00.000Z;237.8
2025-04-10T15:00:00.000Z;204.7
2025-04-10T15:15:00.000Z;168.4
2025-04-10T15:30:00.000Z;141.2
2025-04-10T15:45:00.000Z;114.1
2025-04-10T16:00:00.000Z;86.9
2025-04-10T16:15:00.000Z;61.0
2025-04-10T16:30:00.000Z;45.1
2025-04-10T16:45:00.000Z;29.1
2025-04-10T17:00:00.000Z;13.2
2025-04-10T17:15:00.000Z;0.0
2025-04-10T17:30:00.000Z;0.0
2025-04-10T17:45:00.000Z;0.0
2025-04-10T18:00:00.000Z;0.0
2025-04-10T18:15:00.000Z;0.0
2025-04-10T18:30:00.000Z;0.0
2025-04-10T18:45:00.000Z;0.0
2025-04-10T19:00:00.000Z;0.0
2025-04-10T19:15:00.000Z;0.0
2025-04-10T19:30:00.000Z;0.0
2025-04-10T19:45:00.000Z;0.0
2025-04-10T20:00:00.000Z;0.0
2025-04-10T20:15:00.000Z;0.0
2025-04-10T20:30:00.000Z;0.0
2025-04-10T20:45:00.000Z;0.0
2025-04-10T21:00:00.000Z;0.0
2025-04-10T21:15:00.000Z;0.0
2025-04-10T21:30:00.000Z;0.0
2025-04-10T21:45:00.000Z;0.0
2025-04-10T22:00:00.000Z;0.0
2025-04-10T22:15:00.000Z;0.0
2025-04-10T22:30:00.000Z;0.0
2025-04-10T22:45:00.000Z;0.0
2025-04-10T23:00:00.000Z;0.0
2025-04-10T23:15:00.000Z;0.0
2025-04-10T23:30:00.000Z;0.0
2025-04-10T23:45:00.000Z;0.0
2025-04-11T00:00:00.000Z;0.0
2025-04-11T00:15:00.000Z;0.0
2025-04-11T00:30:00.000Z;0.0
2025-04-11T00:45:00.000Z;0.0
2025-04-11T01:00:00.000Z;0.0
2025-04-11T01:15:00.000Z;0.0
2025-04-11T01:30:00.000Z;0.0
2025-04-11T01:45:00.000Z;0.0
2025-04-11T02:00:00.000Z;0.0
2025-04-11T02:15:00.000Z;0.0
2025-04-11T02:30:00.000Z;0.0
2025-04-11T02:45:00.000Z;0.0
2025-04-11T03:00:00.000Z;0.0
2025-04-11T03:15:00.000Z;0.0
2025-04-11T03:30:00.000Z;0.3
2025-04-11T03:45:00.000Z;0.6
2025-04-11T04:00:00.000Z;0.9
2025-04-11T04:15:00.000Z;34.9
2025-04-11T04:30:00.000Z;56.4
2025-04-11T04:45:00.000Z;78.0
2025-04-11T05:00:00.000Z;99.5
2025-04-11T05:15:00.000Z;132.8
2025-04-11T05:30:00.000Z;159.3
2025-04-11T05:45:00.000Z;185.9
2025-04-11T06:00:00.000Z;212.5
2025-04-11T06:15:00.000Z;240.6
2025-04-11T06:30:00.000Z;266.6
2025-04-11T06:45:00.000Z;292.7
2025-04-11T07:00:00.000Z;318.8
2025-04-11T07:15:00.000Z;341.5
2025-04-11T07:30:00.000Z;368.0
2025-04-11T07:45:00.000Z;394.5
2025-04-11T08:00:00.000Z;421.0
2025-04-11T08:15:00.000Z;456.0
2025-04-11T08:30:00.000Z;479.7
2025-04-11T08:45:00.000Z;503.4
2025-04-11T09:00:00.000Z;527.1
2025-04-11T09:15:00.000Z;548.5
2025-04-11T09:30:00.000Z;563.4
2025-04-11T09:45:00.000Z;578.3
2025-04-11T10:00:00.000Z;593.2
2025-04-11T10:15:00.000Z;608.0
2025-04-11T10:30:00.000Z;613.6
2025-04-11T10:45:00.000Z;613.6
2025-04-11T11:00:00.000Z;608.0
2025-04-11T11:15:00.000Z;606.9
2025-04-11T11:30:00.000Z;600.2
2025-04-11T11:45:00.000Z;593.4
2025-04-11T12:00:00.000Z;586.6
2025-04-11T12:15:00.000Z;579.3
2025-04-11T12:30:00.000Z;564.1
2025-04-11T12:45:00.000Z;548.9
2025-04-11T13:00:00.000Z;533.6
2025-04-11T13:15:00.000Z;513.7
2025-04-11T13:30:00.000Z;487.9
2025-04-11T13:45:00.000Z;462.1
2025-04-11T14:00:00.000Z;436.2
2025-04-11T14:15:00.000Z;398.5
2025-04-11T14:30:00.000Z;366.0
2025-04-11T14:45:00.000Z;333.6
2025-04-11T15:00:00.000Z;301.2
2025-04-11T15:15:00.000Z;265.0
2025-04-11T15:30:00.000Z;232.1
2025-04-11T15:45:00.000Z;199.1
2025-04-11T16:00:00.000Z;166.2
2025-04-11T16:15:00.000Z;126.7
2025-04-11T16:30:00.000Z;99.7
2025-04-11T16:45:00.000Z;72.8
2025-04-11T17:00:00.000Z;45.8
2025-04-11T17:15:00.000Z;0.0
2025-04-11T17:30:00.000Z;0.0
2025-04-11T17:45:00.000Z;0.0
2025-04-11T18:00:00.000Z;0.0
2025-04-11T18:15:00.000Z;0.0
2025-04-11T18:30:00.000Z;0.0
2025-04-11T18:45:00.000Z;0.0
2025-04-11T19:00:00.000Z;0.0
2025-04-11T19:15:00.000Z;0.0
2025-04-11T19:30:00.000Z;0.0
2025-04-11T19:45:00.000Z;0.0
2025-04-11T20:00:00.000Z;0.0
2025-04-11T20:15:00.000Z;0.0
2025-04-11T20:30:00.000Z;0.0
2025-04-11T20:45:00.000Z;0.0
2025-04-11T21:00:00.000Z;0.0
2025-04-11T21:15:00.000Z;0.0
2025-04-11T21:30:00.000Z;0.0
2025-04-11T21:45:00.000Z;0.0
2025-04-11T22:00:00.000Z;0.0
2025-04-11T22:15:00.000Z;0.0
2025-04-11T22:30:00.000Z;0.0
2025-04-11T22:45:00.000Z;0.0
2025-04-11T23:00:00.000Z;0.0
2025-04-11T23:15:00.000Z;0.0
2025-04-11T23:30:00.000Z;0.0
2025-04-11T23:45:00.000Z;0.0
2025-04-12T00:00:00.000Z;0.0
2025-04-12T00:15:00.000Z;0.0
2025-04-12T00:30:00.000Z;0.0
2025-04-12T00:45:00.000Z;0.0
2025-04-12T01:00:00.000Z;0.0
2025-04-12T01:15:00.000Z;0.0
2025-04-12T01:30:00.000Z;0.0
2025-04-12T01:45:00.000Z;0.0
2025-04-12T02:00:00.000Z;0.0
2025-04-12T02:15:00.000Z;0.0
2025-04-12T02:30:00.000Z;0.0
2025-04-12T02:45:00.000Z;0.0
2025-04-12T03:00:00.000Z;0.0
2025-04-12T03:15:00.000Z;0.0
2025-04-12T03:30:00.000Z;0.7
2025-04-12T03:45:00.000Z;1.4
2025-04-12T04:00:00.000Z;2.1
2025-04-12T04:15:00.000Z;10.0
2025-04-12T04:30:00.000Z;19.7
2025-04-12T04:45:00.000Z;29.4
2025-04-12T05:00:00.000Z;39.1
2025-04-12T05:15:00.000Z;54.6
2025-04-12T05:30:00.000Z;70.5
2025-04-12T05:45:00.000Z;86.4
2025-04-12T06:00:00.000Z;102.4
2025-04-12T06:15:00.000Z;123.0
2025-04-12T06:30:00.000Z;142.4
2025-04-12T06:45:00.000Z;161.7
2025-04-12T07:00:00.000Z;181.1
2025-04-12T07:15:00.000Z;201.1
2025-04-12T07:30:00.000Z;222.5
2025-04-12T07:45:00.000Z;244.0
2025-04-12T08:00:00.000Z;265.5
2025-04-12T08:15:00.000Z;285.7
2025-04-12T08:30:00.000Z;311.1
2025-04-12T08:45:00.000Z;336.6
2025-04-12T09:00:00.000Z;362.0
2025-04-12T09:15:00.000Z;393.7
2025-04-12T09:30:00.000Z;422.5
2025-04-12T09:45:00.000Z;451.2
2025-04-12T10:00:00.000Z;480.0
2025-04-12T10:15:00.000Z;519.7
2025-04-12T10:30:00.000Z;542.6
2025-04-12T10:45:00.000Z;565.6
2025-04-12T11:00:00.000Z;588.6
2025-04-12T11:15:00.000Z;617.6
2025-04-12T11:30:00.000Z;623.5
2025-04-12T11:45:00.000Z;623.5
2025-04-12T12:00:00.000Z;617.6
2025-04-12T12:15:00.000Z;617.6
2025-04-12T12:30:00.000Z;608.7
2025-04-12T12:45:00.000Z;602.8
2025-04-12T13:00:00.000Z;594.0
2025-04-12T13:15:00.000Z;555.7
2025-04-12T13:30:00.000Z;526.7
2025-04-12T13:45:00.000Z;497.7
2025-04-12T14:00:00.000Z;468.6
2025-04-12T14:15:00.000Z;426.3
2025-04-12T14:30:00.000Z;391.1
2025-04-12T14:45:00.000Z;355.8
2025-04-12T15:00:00.000Z;320.6
2025-04-12T15:15:00.000Z;282.7
2025-04-12T15:30:00.000Z;247.8
2025-04-12T15:45:00.000Z;212.8
2025-04-12T16:00:00.000Z;177.8
2025-04-12T16:15:00.000Z;136.9
2025-04-12T16:30:00.000Z;108.2
2025-04-12T16:45:00.000Z;79.4
2025-04-12T17:00:00.000Z;50.6
2025-04-12T17:15:00.000Z;0.0
2025-04-12T17:30:00.000Z;0.0
2025-04-12T17:45:00.000Z;0.0
2025-04-12T18:00:00.000Z;0.0
2025-04-12T18:15:00.000Z;0.0
2025-04-12T18:30:00.000Z;0.0
2025-04-12T18:45:00.000Z;0.0
2025-04-12T19:00:00.000Z;0.0
2025-04-12T19:15:00.000Z;0.0
2025-04-12T19:30:00.000Z;0.0
2025-04-12T19:45:00.000Z;0.0
2025-04-12T20:00:00.000Z;0.0
2025-04-12T20:15:00.000Z;0.0
2025-04-12T20:30:00.000Z;0.0
2025-04-12T20:45:00.000Z;0.0
2025-04-12T21:00:00.000Z;0.0
2025-04-12T21:15:00.000Z;0.0
2025-04-12T21:30:00.000Z;0.0
2025-04-12T21:45:00.000Z;0.0
2025-04-12T22:00:00.000Z;0.0
2025-04-12T22:15:00.000Z;0.0
2025-04-12T22:30:00.000Z;0.0
2025-04-12T22:45:00.000Z;0.0
2025-04-12T23:00:00.000Z;0.0
2025-04-12T23:15:00.000Z;0.0
2025-04-12T23:30:00.000Z;0.0
2025-04-12T23:45:00.000Z;0.0
2025-04-13T00:00:00.000Z;0.0
2025-04-13T00:15:00.000Z;0.0
2025-04-13T00:30:00.000Z;0.0
2025-04-13T00:45:00.000Z;0.0
2025-04-13T01:00:00.000Z;0.0
2025-04-13T01:15:00.000Z;0.0
2025-04-13T01:30:00.000Z;0.0
2025-04-13T01:45:00.000Z;0.0
2025-04-13T02:00:00.000Z;0.0
2025-04-13T02:15:00.000Z;0.0
2025-04-13T02:30:00.000Z;0.0
2025-04-13T02:45:00.000Z;0.0
2025-04-13T03:00:00.000Z;0.0
2025-04-13T03:15:00.000Z;0.0
2025-04-13T03:30:00.000Z;7.6
2025-04-13T03:45:00.000Z;15.1
2025-04-13T04:00:00.000Z;22.7
2025-04-13T04:15:00.000Z;78.8
2025-04-13T04:30:00.000Z;112.0
2025-04-13T04:45:00.000Z;145.2
2025-04-13T05:00:00.000Z;178.4
2025-04-13T05:15:00.000Z;221.2
2025-04-13T05:30:00.000Z;258.4
2025-04-13T05:45:00.000Z;295.6
2025-04-13T06:00:00.000Z;332.7
2025-04-13T06:15:00.000Z;372.5
2025-04-13T06:30:00.000Z;408.1
2025-04-13T06:45:00.000Z;443.7
2025-04-13T07:00:00.000Z;479.3
2025-04-13T07:15:00.000Z;518.5
2025-04-13T07:30:00.000Z;547.4
2025-04-13T07:45:00.000Z;576.4
2025-04-13T08:00:00.000Z;605.3
2025-04-13T08:15:00.000Z;629.1
2025-04-13T08:30:00.000Z;647.9
2025-04-13T08:45:00.000Z;666.6
2025-04-13T09:00:00.000Z;685.4
2025-04-13T09:15:00.000Z;707.7
2025-04-13T09:30:00.000Z;711.0
2025-04-13T09:45:00.000Z;713.2
2025-04-13T10:00:00.000Z;716.5
2025-04-13T10:15:00.000Z;716.5
2025-04-13T10:30:00.000Z;718.7
2025-04-13T10:45:00.000Z;718.7
2025-04-13T11:00:00.000Z;716.5
2025-04-13T11:15:00.000Z;707.3
2025-04-13T11:30:00.000Z;695.5
2025-04-13T11:45:00.000Z;683.6
2025-04-13T12:00:00.000Z;671.7
2025-04-13T12:15:00.000Z;654.9
2025-04-13T12:30:00.000Z;633.4
2025-04-13T12:45:00.000Z;611.9
2025-04-13T13:00:00.000Z;590.3
2025-04-13T13:15:00.000Z;561.9
2025-04-13T13:30:00.000Z;532.3
2025-04-13T13:45:00.000Z;502.6
2025-04-13T14:00:00.000Z;473.0
2025-04-13T14:15:00.000Z;438.4
2025-04-13T14:30:00.000Z;403.2
2025-04-13T14:45:00.000Z;368.0
2025-04-13T15:00:00.000Z;332.9
2025-04-13T15:15:00.000Z;290.6
2025-04-13T15:30:00.000Z;254.3
2025-04-13T15:45:00.000Z;217.9
2025-04-13T16:00:00.000Z;181.6
2025-04-13T16:15:00.000Z;139.1
2025-04-13T16:30:00.000Z;109.6
2025-04-13T16:45:00.000Z;80.1
2025-04-13T17:00:00.000Z;50.5
2025-04-13T17:15:00.000Z;0.0
2025-04-13T17:30:00.000Z;0.0
2025-04-13T17:45:00.000Z;0.0
2025-04-13T18:00:00.000Z;0.0
2025-04-13T18:15:00.000Z;0.0
2025-04-13T18:30:00.000Z;0.0
2025-04-13T18:45:00.000Z;0.0
2025-04-13T19:00:00.000Z;0.0
2025-04-13T19:15:00.000Z;0.0
2025-04-13T19:30:00.000Z;0.0
2025-04-13T19:45:00.000Z;0.0
2025-04-13T20:00:00.000Z;0.0
2025-04-13T20:15:00.000Z;0.0
2025-04-13T20:30:00.000Z;0.0
2025-04-13T20:45:00.000Z;0.0
2025-04-13T21:00:00.000Z;0.0
2025-04-13T21:15:00.000Z;0.0
2025-04-13T21:30:00.000Z;0.0
2025-04-13T21:45:00.000Z;0.0
2025-04-13T22:00:00.000Z;0.0
2025-04-13T22:15:00.000Z;0.0
2025-04-13T22:30:00.000Z;0.0
2025-04-13T22:45:00.000Z;0.0
2025-04-13T23:00:00.000Z;0.0
2025-04-13T23:15:00.000Z;0.0
2025-04-13T23:30:00.000Z;0.0
2025-04-13T23:45:00.000Z;0.0
2025-04-14T00:00:00.000Z;0.0
2025-04-14T00:15:00.000Z;0.0
2025-04-14T00:30:00.000Z;0.0
2025-04-14T00:45:00.000Z;0.0
2025-04-14T01:00:00.000Z;0.0
2025-04-14T01:15:00.000Z;0.0
2025-04-14T01:30:00.000Z;0.0
2025-04-14T01:45:00.000Z;0.0
2025-04-14T02:00:00.000Z;0.0
2025-04-14T02:15:00.000Z;0.0
2025-04-14T02:30:00.000Z;0.0
2025-04-14T02:45:00.000Z;0.0
2025-04-14T03:00:00.000Z;0.0
2025-04-14T03:15:00.000Z;0.0
2025-04-14T03:30:00.000Z;2.4
2025-04-14T03:45:00.000Z;4.8
2025-04-14T04:00:00.000Z;7.2
2025-04-14T04:15:00.000Z;43.5
2025-04-14T04:30:00.000Z;59.1
2025-04-14T04:45:00.000Z;74.7
2025-04-14T05:00:00.000Z;90.3
2025-04-14T05:15:00.000Z;102.8
2025-04-14T05:30:00.000Z;119.9
2025-04-14T05:45:00.000Z;137.0
2025-04-14T06:00:00.000Z;154.1
2025-04-14T06:15:00.000Z;179.0
2025-04-14T06:30:00.000Z;195.4
2025-04-14T06:45:00.000Z;211.9
2025-04-14T07:00:00.000Z;228.4
2025-04-14T07:15:00.000Z;243.5
2025-04-14T07:30:00.000Z;254.7
2025-04-14T07:45:00.000Z;265.9
2025-04-14T08:00:00.000Z;277.1
2025-04-14T08:15:00.000Z;284.5
2025-04-14T08:30:00.000Z;290.5
2025-04-14T08:45:00.000Z;296.5
2025-04-14T09:00:00.000Z;302.5
2025-04-14T09:15:00.000Z;302.8
2025-04-14T09:30:00.000Z;306.4
2025-04-14T09:45:00.000Z;310.0
2025-04-14T10:00:00.000Z;313.6
2025-04-14T10:15:00.000Z;321.9
2025-04-14T10:30:00.000Z;322.6
2025-04-14T10:45:00.000Z;322.6
2025-04-14T11:00:00.000Z;321.9
2025-04-14T11:15:00.000Z;320.8
2025-04-14T11:30:00.000Z;320.1
2025-04-14T11:45:00.000Z;320.1
2025-04-14T12:00:00.000Z;320.8
2025-04-14T12:15:00.000Z;341.1
2025-04-14T12:30:00.000Z;351.4
2025-04-14T12:45:00.000Z;351.4
2025-04-14T13:00:00.000Z;341.1
2025-04-14T13:15:00.000Z;318.4
2025-04-14T13:30:00.000Z;304.2
2025-04-14T13:45:00.000Z;290.0
2025-04-14T14:00:00.000Z;275.8
2025-04-14T14:15:00.000Z;260.6
2025-04-14T14:30:00.000Z;241.9
2025-04-14T14:45:00.000Z;223.2
2025-04-14T15:00:00.000Z;204.4
2025-04-14T15:15:00.000Z;178.9
2025-04-14T15:30:00.000Z;158.0
2025-04-14T15:45:00.000Z;137.0
2025-04-14T16:00:00.000Z;116.1
2025-04-14T16:15:00.000Z;92.6
2025-04-14T16:30:00.000Z;74.2
2025-04-14T16:45:00.000Z;55.7
2025-04-14T17:00:00.000Z;37.3
2025-04-14T17:15:00.000Z;0.0
2025-04-14T17:30:00.000Z;0.0
2025-04-14T17:45:00.000Z;0.0
2025-04-14T18:00:00.000Z;0.0
2025-04-14T18:15:00.000Z;0.0
2025-04-14T18:30:00.000Z;0.0
2025-04-14T18:45:00.000Z;0.0
2025-04-14T19:00:00.000Z;0.0
2025-04-14T19:15:00.000Z;0.0
2025-04-14T19:30:00.000Z;0.0
2025-04-14T19:45:00.000Z;0.0
2025-04-14T20:00:00.000Z;0.0
2025-04-14T20:15:00.000Z;0.0
2025-04-14T20:30:00.000Z;0.0
2025-04-14T20:45:00.000Z;0.0
2025-04-14T21:00:00.000Z;0.0
2025-04-14T21:15:00.000Z;0.0
2025-04-14T21:30:00.000Z;0.0
2025-04-14T21:45:00.000Z;0.0
2025-04-14T22:00:00.000Z;0.0
2025-04-14T22:15:00.000Z;0.0
2025-04-14T22:30:00.000Z;0.0
2025-04-14T22:45:00.000Z;0.0
2025-04-14T23:00:00.000Z;0.0
2025-04-14T23:15:00.000Z;0.0
2025-04-14T23:30:00.000Z;0.0
2025-04-14T23:45:00.000Z;0.0
2025-04-15T00:00:00.000Z;0.0
2025-04-15T00:15:00.000Z;0.0
2025-04-15T00:30:00.000Z;0.0
2025-04-15T00:45:00.000Z;0.0
2025-04-15T01:00:00.000Z;0.0
2025-04-15T01:15:00.000Z;0.0
2025-04-15T01:30:00.000Z;0.0
2025-04-15T01:45:00.000Z;0.0
2025-04-15T02:00:00.000Z;0.0
2025-04-15T02:15:00.000Z;0.0
2025-04-15T02:30:00.000Z;0.0
2025-04-15T02:45:00.000Z;0.0
2025-04-15T03:00:00.000Z;0.0
2025-04-15T03:15:00.000Z;0.0
2025-04-15T03:30:00.000Z;12.3
2025-04-15T03:45:00.000Z;24.5
2025-04-15T04:00:00.000Z;36.8
2025-04-15T04:15:00.000Z;88.9
2025-04-15T04:30:00.000Z;123.4
2025-04-15T04:45:00.000Z;157.9
2025-04-15T05:00:00.000Z;192.5
2025-04-15T05:15:00.000Z;236.2
2025-04-15T05:30:00.000Z;275.1
2025-04-15T05:45:00.000Z;314.1
2025-04-15T06:00:00.000Z;353.1
2025-04-15T06:15:00.000Z;396.8
2025-04-15T06:30:00.000Z;433.9
2025-04-15T06:45:00.000Z;471.0
2025-04-15T07:00:00.000Z;508.2
2025-04-15T07:15:00.000Z;545.6
2025-04-15T07:30:00.000Z;576.2
2025-04-15T07:45:00.000Z;606.9
2025-04-15T08:00:00.000Z;637.5
2025-04-15T08:15:00.000Z;665.5
2025-04-15T08:30:00.000Z;686.9
2025-04-15T08:45:00.000Z;708.3
2025-04-15T09:00:00.000Z;729.7
2025-04-15T09:15:00.000Z;749.4
2025-04-15T09:30:00.000Z;759.3
2025-04-15T09:45:00.000Z;765.9
2025-04-15T10:00:00.000Z;775.9
2025-04-15T10:15:00.000Z;775.9
2025-04-15T10:30:00.000Z;782.5
2025-04-15T10:45:00.000Z;782.5
2025-04-15T11:00:00.000Z;775.9
2025-04-15T11:15:00.000Z;769.2
2025-04-15T11:30:00.000Z;755.1
2025-04-15T11:45:00.000Z;741.0
2025-04-15T12:00:00.000Z;726.9
2025-04-15T12:15:00.000Z;706.3
2025-04-15T12:30:00.000Z;679.7
2025-04-15T12:45:00.000Z;653.1
2025-04-15T13:00:00.000Z;626.5
2025-04-15T13:15:00.000Z;590.3
2025-04-15T13:30:00.000Z;553.7
2025-04-15T13:45:00.000Z;517.1
2025-04-15T14:00:00.000Z;480.5
2025-04-15T14:15:00.000Z;431.4
2025-04-15T14:30:00.000Z;392.9
2025-04-15T14:45:00.000Z;354.3
2025-04-15T15:00:00.000Z;315.7
2025-04-15T15:15:00.000Z;278.4
2025-04-15T15:30:00.000Z;244.0
2025-04-15T15:45:00.000Z;209.5
2025-04-15T16:00:00.000Z;175.1
2025-04-15T16:15:00.000Z;140.1
2025-04-15T16:30:00.000Z;112.2
2025-04-15T16:45:00.000Z;84.2
2025-04-15T17:00:00.000Z;56.2
2025-04-15T17:15:00.000Z;6.1
2025-04-15T17:30:00.000Z;4.0
2025-04-15T17:45:00.000Z;2.0
2025-04-15T18:00:00.000Z;0.0
2025-04-15T18:15:00.000Z;0.0
2025-04-15T18:30:00.000Z;0.0
2025-04-15T18:45:00.000Z;0.0
2025-04-15T19:00:00.000Z;0.0
2025-04-15T19:15:00.000Z;0.0
2025-04-15T19:30:00.000Z;0.0
2025-04-15T19:45:00.000Z;0.0
2025-04-15T20:00:00.000Z;0.0
2025-04-15T20:15:00.000Z;0.0
2025-04-15T20:30:00.000Z;0.0
2025-04-15T20:45:00.000Z;0.0
2025-04-15T21:00:00.000Z;0.0
2025-04-15T21:15:00.000Z;0.0
2025-04-15T21:30:00.000Z;0.0
2025-04-15T21:45:00.000Z;0.0
2025-04-15T22:00:00.000Z;0.0
2025-04-15T22:15:00.000Z;0.0
2025-04-15T22:30:00.000Z;0.0
2025-04-15T22:45:00.000Z;0.0
2025-04-15T23:00:00.000Z;0.0
2025-04-15T23:15:00.000Z;0.0
2025-04-15T23:30:00.000Z;0.0
2025-04-15T23:45:00.000Z;0.0
2025-04-16T00:00:00.000Z;0.0
2025-04-16T00:15:00.000Z;0.0
2025-04-16T00:30:00.000Z;0.0
2025-04-16T00:45:00.000Z;0.0
2025-04-16T01:00:00.000Z;0.0
2025-04-16T01:15:00.000Z;0.0
2025-04-16T01:30:00.000Z;0.0
2025-04-16T01:45:00.000Z;0.0
2025-04-16T02:00:00.000Z;0.0
2025-04-16T02:15:00.000Z;0.0
2025-04-16T02:30:00.000Z;0.0
2025-04-16T02:45:00.000Z;0.0
2025-04-16T03:00:00.000Z;0.0
2025-04-16T03:15:00.000Z;0.0
2025-04-16T03:30:00.000Z;15.2
2025-04-16T03:45:00.000Z;30.4
2025-04-16T04:00:00.000Z;45.6
2025-04-16T04:15:00.000Z;88.6
2025-04-16T04:30:00.000Z;121.5
2025-04-16T04:45:00.000Z;154.3
2025-04-16T05:00:00.000Z;187.2
2025-04-16T05:15:00.000Z;230.7
2025-04-16T05:30:00.000Z;267.4
2025-04-16T05:45:00.000Z;304.1
2025-04-16T06:00:00.000Z;340.7
2025-04-16T06:15:00.000Z;380.6
2025-04-16T06:30:00.000Z;414.4
2025-04-16T06:45:00.000Z;448.1
2025-04-16T07:00:00.000Z;481.9
2025-04-16T07:15:00.000Z;514.9
2025-04-16T07:30:00.000Z;542.1
2025-04-16T07:45:00.000Z;569.3
2025-04-16T08:00:00.000Z;596.6
2025-04-16T08:15:00.000Z;636.5
2025-04-16T08:30:00.000Z;646.0
2025-04-16T08:45:00.000Z;652.3
2025-04-16T09:00:00.000Z;661.8
2025-04-16T09:15:00.000Z;661.8
2025-04-16T09:30:00.000Z;667.9
2025-04-16T09:45:00.000Z;673.9
2025-04-16T10:00:00.000Z;680.0
2025-04-16T10:15:00.000Z;697.2
2025-04-16T10:30:00.000Z;698.4
2025-04-16T10:45:00.000Z;698.4
2025-04-16T11:00:00.000Z;697.2
2025-04-16T11:15:00.000Z;697.2
2025-04-16T11:30:00.000Z;695.3
2025-04-16T11:45:00.000Z;694.0
2025-04-16T12:00:00.000Z;692.1
2025-04-16T12:15:00.000Z;662.6
2025-04-16T12:30:00.000Z;639.9
2025-04-16T12:45:00.000Z;617.3
2025-04-16T13:00:00.000Z;594.7
2025-04-16T13:15:00.000Z;561.1
2025-04-16T13:30:00.000Z;529.4
2025-04-16T13:45:00.000Z;497.8
2025-04-16T14:00:00.000Z;466.2
2025-04-16T14:15:00.000Z;428.4
2025-04-16T14:30:00.000Z;393.2
2025-04-16T14:45:00.000Z;358.0
2025-04-16T15:00:00.000Z;322.8
2025-04-16T15:15:00.000Z;283.3
2025-04-16T15:30:00.000Z;249.3
2025-04-16T15:45:00.000Z;215.2
2025-04-16T16:00:00.000Z;181.1
2025-04-16T16:15:00.000Z;146.0
2025-04-16T16:30:00.000Z;117.3
2025-04-16T16:45:00.000Z;88.6
2025-04-16T17:00:00.000Z;60.0
2025-04-16T17:15:00.000Z;5.6
2025-04-16T17:30:00.000Z;3.7
2025-04-16T17:45:00.000Z;1.9
2025-04-16T18:00:00.000Z;0.0
2025-04-16T18:15:00.000Z;0.0
2025-04-16T18:30:00.000Z;0.0
2025-04-16T18:45:00.000Z;0.0
2025-04-16T19:00:00.000Z;0.0
2025-04-16T19:15:00.000Z;0.0
2025-04-16T19:30:00.000Z;0.0
2025-04-16T19:45:00.000Z;0.0
2025-04-16T20:00:00.000Z;0.0
2025-04-16T20:15:00.000Z;0.0
2025-04-16T20:30:00.000Z;0.0
2025-04-16T20:45:00.000Z;0.0
2025-04-16T21:00:00.000Z;0.0
2025-04-16T21:15:00.000Z;0.0
2025-04-16T21:30:00.000Z;0.0
2025-04-16T21:45:00.000Z;0.0
2025-04-16T22:00:00.000Z;0.0
2025-04-16T22:15:00.000Z;0.0
2025-04-16T22:30:00.000Z;0.0
2025-04-16T22:45:00.000Z;0.0
2025-04-16T23:00:00.000Z;0.0
2025-04-16T23:15:00.000Z;0.0
2025-04-16T23:30:00.000Z;0.0
2025-04-16T23:45:00.000Z;0.0
2025-04-17T00:00:00.000Z;0.0
2025-04-17T00:15:00.000Z;0.0
2025-04-17T00:30:00.000Z;0.0
2025-04-17T00:45:00.000Z;0.0
2025-04-17T01:00:00.000Z;0.0
2025-04-17T01:15:00.000Z;0.0
2025-04-17T01:30:00.000Z;0.0
2025-04-17T01:45:00.000Z;0.0
2025-04-17T02:00:00.000Z;0.0
2025-04-17T02:15:00.000Z;0.0
2025-04-17T02:30:00.000Z;0.0
2025-04-17T02:45:00.000Z;0.0
2025-04-17T03:00:00.000Z;0.0
2025-04-17T03:15:00.000Z;0.0
2025-04-17T03:30:00.000Z;9.0
2025-04-17T03:45:00.000Z;17.9
2025-04-17T04:00:00.000Z;26.9
2025-04-17T04:15:00.000Z;53.6
2025-04-17T04:30:00.000Z;75.2
2025-04-17T04:45:00.000Z;96.7
2025-04-17T05:00:00.000Z;118.2
2025-04-17T05:15:00.000Z;148.5
2025-04-17T05:30:00.000Z;173.4
2025-04-17T05:45:00.000Z;198.2
2025-04-17T06:00:00.000Z;223.1
2025-04-17T06:15:00.000Z;249.1
2025-04-17T06:30:00.000Z;273.0
2025-04-17T06:45:00.000Z;296.8
2025-04-17T07:00:00.000Z;320.7
2025-04-17T07:15:00.000Z;347.7
2025-04-17T07:30:00.000Z;367.0
2025-04-17T07:45:00.000Z;386.3
2025-04-17T08:00:00.000Z;405.5
2025-04-17T08:15:00.000Z;421.3
2025-04-17T08:30:00.000Z;433.2
2025-04-17T08:45:00.000Z;445.2
2025-04-17T09:00:00.000Z;457.1
2025-04-17T09:15:00.000Z;460.9
2025-04-17T09:30:00.000Z;468.4
2025-04-17T09:45:00.000Z;475.9
2025-04-17T10:00:00.000Z;483.4
2025-04-17T10:15:00.000Z;494.8
2025-04-17T10:30:00.000Z;503.4
2025-04-17T10:45:00.000Z;503.4
2025-04-17T11:00:00.000Z;494.8
2025-04-17T11:15:00.000Z;477.5
2025-04-17T11:30:00.000Z;477.5
2025-04-17T11:45:00.000Z;477.5
2025-04-17T12:00:00.000Z;477.5
2025-04-17T12:15:00.000Z;477.5
2025-04-17T12:30:00.000Z;473.7
2025-04-17T12:45:00.000Z;471.2
2025-04-17T13:00:00.000Z;467.4
2025-04-17T13:15:00.000Z;445.0
2025-04-17T13:30:00.000Z;423.5
2025-04-17T13:45:00.000Z;402.1
2025-04-17T14:00:00.000Z;380.6
2025-04-17T14:15:00.000Z;343.7
2025-04-17T14:30:00.000Z;315.1
2025-04-17T14:45:00.000Z;286.5
2025-04-17T15:00:00.000Z;258.0
2025-04-17T15:15:00.000Z;224.4
2025-04-17T15:30:00.000Z;197.5
2025-04-17T15:45:00.000Z;170.6
2025-04-17T16:00:00.000Z;143.7
2025-04-17T16:15:00.000Z;120.0
2025-04-17T16:30:00.000Z;97.1
2025-04-17T16:45:00.000Z;74.2
2025-04-17T17:00:00.000Z;51.3
2025-04-17T17:15:00.000Z;2.0
2025-04-17T17:30:00.000Z;1.3
2025-04-17T17:45:00.000Z;0.7
2025-04-17T18:00:00.000Z;0.0
2025-04-17T18:15:00.000Z;0.0
2025-04-17T18:30:00.000Z;0.0
2025-04-17T18:45:00.000Z;0.0
2025-04-17T19:00:00.000Z;0.0
2025-04-17T19:15:00.000Z;0.0
2025-04-17T19:30:00.000Z;0.0
2025-04-17T19:45:00.000Z;0.0
2025-04-17T20:00:00.000Z;0.0
2025-04-17T20:15:00.000Z;0.0
2025-04-17T20:30:00.000Z;0.0
2025-04-17T20:45:00.000Z;0.0
2025-04-17T21:00:00.000Z;0.0
2025-04-17T21:15:00.000Z;0.0
2025-04-17T21:30:00.000Z;0.0
2025-04-17T21:45:00.000Z;0.0
2025-04-17T22:00:00.000Z;0.0
2025-04-17T22:15:00.000Z;0.0
2025-04-17T22:30:00.000Z;0.0
2025-04-17T22:45:00.000Z;0.0
2025-04-17T23:00:00.000Z;0.0
2025-04-17T23:15:00.000Z;0.0
2025-04-17T23:30:00.000Z;0.0
2025-04-17T23:45:00.000Z;0.0
2025-04-18T00:00:00.000Z;0.0
2025-04-18T00:15:00.000Z;0.0
2025-04-18T00:30:00.000Z;0.0
2025-04-18T00:45:00.000Z;0.0
2025-04-18T01:00:00.000Z;0.0
2025-04-18T01:15:00.000Z;0.0
2025-04-18T01:30:00.000Z;0.0
2025-04-18T01:45:00.000Z;0.0
2025-04-18T02:00:00.000Z;0.0
2025-04-18T02:15:00.000Z;0.0
2025-04-18T02:30:00.000Z;0.0
2025-04-18T02:45:00.000Z;0.0
2025-04-18T03:00:00.000Z;0.0
2025-04-18T03:15:00.000Z;0.0
2025-04-18T03:30:00.000Z;6.3
2025-04-18T03:45:00.000Z;12.5
2025-04-18T04:00:00.000Z;18.8
2025-04-18T04:15:00.000Z;44.2
2025-04-18T04:30:00.000Z;62.0
2025-04-18T04:45:00.000Z;79.7
2025-04-18T05:00:00.000Z;97.4
2025-04-18T05:15:00.000Z;119.2
2025-04-18T05:30:00.000Z;140.6
2025-04-18T05:45:00.000Z;162.1
2025-04-18T06:00:00.000Z;183.5
2025-04-18T06:15:00.000Z;210.7
2025-04-18T06:30:00.000Z;231.7
2025-04-18T06:45:00.000Z;252.7
2025-04-18T07:00:00.000Z;273.7
2025-04-18T07:15:00.000Z;294.4
2025-04-18T07:30:00.000Z;311.0
2025-04-18T07:45:00.000Z;327.5
2025-04-18T08:00:00.000Z;344.1
2025-04-18T08:15:00.000Z;351.6
2025-04-18T08:30:00.000Z;367.0
2025-04-18T08:45:00.000Z;382.4
2025-04-18T09:00:00.000Z;397.8
2025-04-18T09:15:00.000Z;425.9
2025-04-18T09:30:00.000Z;436.8
2025-04-18T09:45:00.000Z;447.8
2025-04-18T10:00:00.000Z;458.8
2025-04-18T10:15:00.000Z;461.8
2025-04-18T10:30:00.000Z;463.2
2025-04-18T10:45:00.000Z;463.2
2025-04-18T11:00:00.000Z;461.8
2025-04-18T11:15:00.000Z;461.8
2025-04-18T11:30:00.000Z;459.8
2025-04-18T11:45:00.000Z;458.4
2025-04-18T12:00:00.000Z;456.3
2025-04-18T12:15:00.000Z;430.4
2025-04-18T12:30:00.000Z;413.7
2025-04-18T12:45:00.000Z;397.1
2025-04-18T13:00:00.000Z;380.4
2025-04-18T13:15:00.000Z;358.8
2025-04-18T13:30:00.000Z;336.8
2025-04-18T13:45:00.000Z;314.8
2025-04-18T14:00:00.000Z;292.7
2025-04-18T14:15:00.000Z;265.5
2025-04-18T14:30:00.000Z;241.4
2025-04-18T14:45:00.000Z;217.3
2025-04-18T15:00:00.000Z;193.2
2025-04-18T15:15:00.000Z;165.5
2025-04-18T15:30:00.000Z;143.7
2025-04-18T15:45:00.000Z;122.0
2025-04-18T16:00:00.000Z;100.2
2025-04-18T16:15:00.000Z;79.9
2025-04-18T16:30:00.000Z;63.3
2025-04-18T16:45:00.000Z;46.7
2025-04-18T17:00:00.000Z;30.2
2025-04-18T17:15:00.000Z;0.4
2025-04-18T17:30:00.000Z;0.2
2025-04-18T17:45:00.000Z;0.1
2025-04-18T18:00:00.000Z;0.0
2025-04-18T18:15:00.000Z;0.0
2025-04-18T18:30:00.000Z;0.0
2025-04-18T18:45:00.000Z;0.0
2025-04-18T19:00:00.000Z;0.0
2025-04-18T19:15:00.000Z;0.0
2025-04-18T19:30:00.000Z;0.0
2025-04-18T19:45:00.000Z;0.0
2025-04-18T20:00:00.000Z;0.0
2025-04-18T20:15:00.000Z;0.0
2025-04-18T20:30:00.000Z;0.0
2025-04-18T20:45:00.000Z;0.0
2025-04-18T21:00:00.000Z;0.0
2025-04-18T21:15:00.000Z;0.0
2025-04-18T21:30:00.000Z;0.0
2025-04-18T21:45:00.000Z;0.0
2025-04-18T22:00:00.000Z;0.0
2025-04-18T22:15:00.000Z;0.0
2025-04-18T22:30:00.000Z;0.0
2025-04-18T22:45:00.000Z;0.0
2025-04-18T23:00:00.000Z;0.0
2025-04-18T23:15:00.000Z;0.0
2025-04-18T23:30:00.000Z;0.0
2025-04-18T23:45:00.000Z;0.0
2025-04-19T00:00:00.000Z;0.0
2025-04-19T00:15:00.000Z;0.0
2025-04-19T00:30:00.000Z;0.0
2025-04-19T00:45:00.000Z;0.0
2025-04-19T01:00:00.000Z;0.0
2025-04-19T01:15:00.000Z;0.0
2025-04-19T01:30:00.000Z;0.0
2025-04-19T01:45:00.000Z;0.0
2025-04-19T02:00:00.000Z;0.0
2025-04-19T02:15:00.000Z;0.0
2025-04-19T02:30:00.000Z;0.0
2025-04-19T02:45:00.000Z;0.0
2025-04-19T03:00:00.000Z;0.0
2025-04-19T03:15:00.000Z;0.0
2025-04-19T03:30:00.000Z;5.7
2025-04-19T03:45:00.000Z;11.3
2025-04-19T04:00:00.000Z;17.0
2025-04-19T04:15:00.000Z;37.5
2025-04-19T04:30:00.000Z;50.3
2025-04-19T04:45:00.000Z;63.0
2025-04-19T05:00:00.000Z;75.8
2025-04-19T05:15:00.000Z;84.3
2025-04-19T05:30:00.000Z;101.8
2025-04-19T05:45:00.000Z;119.3
2025-04-19T06:00:00.000Z;136.8
2025-04-19T06:15:00.000Z;166.7
2025-04-19T06:30:00.000Z;186.6
2025-04-19T06:45:00.000Z;206.5
2025-04-19T07:00:00.000Z;226.4
2025-04-19T07:15:00.000Z;241.3
2025-04-19T07:30:00.000Z;260.3
2025-04-19T07:45:00.000Z;279.2
2025-04-19T08:00:00.000Z;298.2
2025-04-19T08:15:00.000Z;320.4
2025-04-19T08:30:00.000Z;339.0
2025-04-19T08:45:00.000Z;357.5
2025-04-19T09:00:00.000Z;376.1
2025-04-19T09:15:00.000Z;413.1
2025-04-19T09:30:00.000Z;416.9
2025-04-19T09:45:00.000Z;419.4
2025-04-19T10:00:00.000Z;423.2
2025-04-19T10:15:00.000Z;423.2
2025-04-19T10:30:00.000Z;425.7
2025-04-19T10:45:00.000Z;425.7
2025-04-19T11:00:00.000Z;423.2
2025-04-19T11:15:00.000Z;412.4
2025-04-19T11:30:00.000Z;404.1
2025-04-19T11:45:00.000Z;395.7
2025-04-19T12:00:00.000Z;387.3
2025-04-19T12:15:00.000Z;380.2
2025-04-19T12:30:00.000Z;365.1
2025-04-19T12:45:00.000Z;349.9
2025-04-19T13:00:00.000Z;334.8
2025-04-19T13:15:00.000Z;311.9
2025-04-19T13:30:00.000Z;289.8
2025-04-19T13:45:00.000Z;267.7
2025-04-19T14:00:00.000Z;245.6
2025-04-19T14:15:00.000Z;214.2
2025-04-19T14:30:00.000Z;191.8
2025-04-19T14:45:00.000Z;169.5
2025-04-19T15:00:00.000Z;147.1
2025-04-19T15:15:00.000Z;125.5
2025-04-19T15:30:00.000Z;108.5
2025-04-19T15:45:00.000Z;91.5
2025-04-19T16:00:00.000Z;74.5
2025-04-19T16:15:00.000Z;62.8
2025-04-19T16:30:00.000Z;50.7
2025-04-19T16:45:00.000Z;38.6
2025-04-19T17:00:00.000Z;26.6
2025-04-19T17:15:00.000Z;6.9
2025-04-19T17:30:00.000Z;4.6
2025-04-19T17:45:00.000Z;2.3
2025-04-19T18:00:00.000Z;0.0
2025-04-19T18:15:00.000Z;0.0
2025-04-19T18:30:00.000Z;0.0
2025-04-19T18:45:00.000Z;0.0
2025-04-19T19:00:00.000Z;0.0
2025-04-19T19:15:00.000Z;0.0
2025-04-19T19:30:00.000Z;0.0
2025-04-19T19:45:00.000Z;0.0
2025-04-19T20:00:00.000Z;0.0
2025-04-19T20:15:00.000Z;0.0
2025-04-19T20:30:00.000Z;0.0
2025-04-19T20:45:00.000Z;0.0
2025-04-19T21:00:00.000Z;0.0
2025-04-19T21:15:00.000Z;0.0
2025-04-19T21:30:00.000Z;0.0
2025-04-19T21:45:00.000Z;0.0
2025-04-19T22:00:00.000Z;0.0
2025-04-19T22:15:00.000Z;0.0
2025-04-19T22:30:00.000Z;0.0
2025-04-19T22:45:00.000Z;0.0
2025-04-19T23:00:00.000Z;0.0
2025-04-19T23:15:00.000Z;0.0
2025-04-19T23:30:00.000Z;0.0
2025-04-19T23:45:00.000Z;0.0
2025-04-20T00:00:00.000Z;0.0
2025-04-20T00:15:00.000Z;0.0
2025-04-20T00:30:00.000Z;0.0
2025-04-20T00:45:00.000Z;0.0
2025-04-20T01:00:00.000Z;0.0
2025-04-20T01:15:00.000Z;0.0
2025-04-20T01:30:00.000Z;0.0
2025-04-20T01:45:00.000Z;0.0
2025-04-20T02:00:00.000Z;0.0
2025-04-20T02:15:00.000Z;0.0
2025-04-20T02:30:00.000Z;0.0
2025-04-20T02:45:00.000Z;0.0
2025-04-20T03:00:00.000Z;0.0
2025-04-20T03:15:00.000Z;6.6
2025-04-20T03:30:00.000Z;15.5
2025-04-20T03:45:00.000Z;24.3
2025-04-20T04:00:00.000Z;33.2
2025-04-20T04:15:00.000Z;49.7
2025-04-20T04:30:00.000Z;63.8
2025-04-20T04:45:00.000Z;77.9
2025-04-20T05:00:00.000Z;92.0
2025-04-20T05:15:00.000Z;109.3
2025-04-20T05:30:00.000Z;125.0
2025-04-20T05:45:00.000Z;140.7
2025-04-20T06:00:00.000Z;156.4
2025-04-20T06:15:00.000Z;173.8
2025-04-20T06:30:00.000Z;189.0
2025-04-20T06:45:00.000Z;204.1
2025-04-20T07:00:00.000Z;219.3
2025-04-20T07:15:00.000Z;237.8
2025-04-20T07:30:00.000Z;248.7
2025-04-20T07:45:00.000Z;259.5
2025-04-20T08:00:00.000Z;270.3
2025-04-20T08:15:00.000Z;274.4
2025-04-20T08:30:00.000Z;280.3
2025-04-20T08:45:00.000Z;286.1
2025-04-20T09:00:00.000Z;292.0
2025-04-20T09:15:00.000Z;300.6
2025-04-20T09:30:00.000Z;302.0
2025-04-20T09:45:00.000Z;302.0
2025-04-20T10:00:00.000Z;300.6
2025-04-20T10:15:00.000Z;300.6
2025-04-20T10:30:00.000Z;298.4
2025-04-20T10:45:00.000Z;297.0
2025-04-20T11:00:00.000Z;294.9
2025-04-20T11:15:00.000Z;273.5
2025-04-20T11:30:00.000Z;266.5
2025-04-20T11:45:00.000Z;261.9
2025-04-20T12:00:00.000Z;254.8
2025-04-20T12:15:00.000Z;254.8
2025-04-20T12:30:00.000Z;243.8
2025-04-20T12:45:00.000Z;232.7
2025-04-20T13:00:00.000Z;221.7
2025-04-20T13:15:00.000Z;195.0
2025-04-20T13:30:00.000Z;182.2
2025-04-20T13:45:00.000Z;169.4
2025-04-20T14:00:00.000Z;156.6
2025-04-20T14:15:00.000Z;152.0
2025-04-20T14:30:00.000Z;141.3
2025-04-20T14:45:00.000Z;130.6
2025-04-20T15:00:00.000Z;120.0
2025-04-20T15:15:00.000Z;109.2
2025-04-20T15:30:00.000Z;96.8
2025-04-20T15:45:00.000Z;84.3
2025-04-20T16:00:00.000Z;71.8
2025-04-20T16:15:00.000Z;52.1
2025-04-20T16:30:00.000Z;41.6
2025-04-20T16:45:00.000Z;31.0
2025-04-20T17:00:00.000Z;20.5
2025-04-20T17:15:00.000Z;12.3
2025-04-20T17:30:00.000Z;8.2
2025-04-20T17:45:00.000Z;4.1
2025-04-20T18:00:00.000Z;0.0
2025-04-20T18:15:00.000Z;0.0
2025-04-20T18:30:00.000Z;0.0
2025-04-20T18:45:00.000Z;0.0
2025-04-20T19:00:00.000Z;0.0
2025-04-20T19:15:00.000Z;0.0
2025-04-20T19:30:00.000Z;0.0
2025-04-20T19:45:00.000Z;0.0
2025-04-20T20:00:00.000Z;0.0
2025-04-20T20:15:00.000Z;0.0
2025-04-20T20:30:00.000Z;0.0
2025-04-20T20:45:00.000Z;0.0
2025-04-20T21:00:00.000Z;0.0
2025-04-20T21:15:00.000Z;0.0
2025-04-20T21:30:00.000Z;0.0
2025-04-20T21:45:00.000Z;0.0
2025-04-20T22:00:00.000Z;0.0
2025-04-20T22:15:00.000Z;0.0
2025-04-20T22:30:00.000Z;0.0
2025-04-20T22:45:00.000Z;0.0
2025-04-20T23:00:00.000Z;0.0
2025-04-20T23:15:00.000Z;0.0
2025-04-20T23:30:00.000Z;0.0
2025-04-20T23:45:00.000Z;0.0
2025-04-21T00:00:00.000Z;0.0
2025-04-21T00:15:00.000Z;0.0
2025-04-21T00:30:00.000Z;0.0
2025-04-21T00:45:00.000Z;0.0
2025-04-21T01:00:00.000Z;0.0
2025-04-21T01:15:00.000Z;0.0
2025-04-21T01:30:00.000Z;0.0
2025-04-21T01:45:00.000Z;0.0
2025-04-21T02:00:00.000Z;0.0
2025-04-21T02:15:00.000Z;0.0
2025-04-21T02:30:00.000Z;0.0
2025-04-21T02:45:00.000Z;0.0
2025-04-21T03:00:00.000Z;0.0
2025-04-21T03:15:00.000Z;3.7
2025-04-21T03:30:00.000Z;10.8
2025-04-21T03:45:00.000Z;18.0
2025-04-21T04:00:00.000Z;25.1
2025-04-21T04:15:00.000Z;38.1
2025-04-21T04:30:00.000Z;50.7
2025-04-21T04:45:00.000Z;63.3
2025-04-21T05:00:00.000Z;75.9
2025-04-21T05:15:00.000Z;91.9
2025-04-21T05:30:00.000Z;107.5
2025-04-21T05:45:00.000Z;123.0
2025-04-21T06:00:00.000Z;138.6
2025-04-21T06:15:00.000Z;156.7
2025-04-21T06:30:00.000Z;173.2
2025-04-21T06:45:00.000Z;189.6
2025-04-21T07:00:00.000Z;206.1
2025-04-21T07:15:00.000Z;224.0
2025-04-21T07:30:00.000Z;239.2
2025-04-21T07:45:00.000Z;254.5
2025-04-21T08:00:00.000Z;269.7
2025-04-21T08:15:00.000Z;284.6
2025-04-21T08:30:00.000Z;297.0
2025-04-21T08:45:00.000Z;309.3
2025-04-21T09:00:00.000Z;321.7
2025-04-21T09:15:00.000Z;334.7
2025-04-21T09:30:00.000Z;342.1
2025-04-21T09:45:00.000Z;349.6
2025-04-21T10:00:00.000Z;357.1
2025-04-21T10:15:00.000Z;362.1
2025-04-21T10:30:00.000Z;363.7
2025-04-21T10:45:00.000Z;363.7
2025-04-21T11:00:00.000Z;362.1
2025-04-21T11:15:00.000Z;359.0
2025-04-21T11:30:00.000Z;359.0
2025-04-21T11:45:00.000Z;359.0
2025-04-21T12:00:00.000Z;359.0
2025-04-21T12:15:00.000Z;359.0
2025-04-21T12:30:00.000Z;355.3
2025-04-21T12:45:00.000Z;351.5
2025-04-21T13:00:00.000Z;347.8
2025-04-21T13:15:00.000Z;335.2
2025-04-21T13:30:00.000Z;322.5
2025-04-21T13:45:00.000Z;309.8
2025-04-21T14:00:00.000Z;297.1
2025-04-21T14:15:00.000Z;279.6
2025-04-21T14:30:00.000Z;261.0
2025-04-21T14:45:00.000Z;242.5
2025-04-21T15:00:00.000Z;223.9
2025-04-21T15:15:00.000Z;199.7
2025-04-21T15:30:00.000Z;178.5
2025-04-21T15:45:00.000Z;157.2
2025-04-21T16:00:00.000Z;136.0
2025-04-21T16:15:00.000Z;111.2
2025-04-21T16:30:00.000Z;91.7
2025-04-21T16:45:00.000Z;72.3
2025-04-21T17:00:00.000Z;52.8
2025-04-21T17:15:00.000Z;24.4
2025-04-21T17:30:00.000Z;16.3
2025-04-21T17:45:00.000Z;8.1
2025-04-21T18:00:00.000Z;0.0
2025-04-21T18:15:00.000Z;0.0
2025-04-21T18:30:00.000Z;0.0
2025-04-21T18:45:00.000Z;0.0
2025-04-21T19:00:00.000Z;0.0
2025-04-21T19:15:00.000Z;0.0
2025-04-21T19:30:00.000Z;0.0
2025-04-21T19:45:00.000Z;0.0
2025-04-21T20:00:00.000Z;0.0
2025-04-21T20:15:00.000Z;0.0
2025-04-21T20:30:00.000Z;0.0
2025-04-21T20:45:00.000Z;0.0
2025-04-21T21:00:00.000Z;0.0
2025-04-21T21:15:00.000Z;0.0
2025-04-21T21:30:00.000Z;0.0
2025-04-21T21:45:00.000Z;0.0
2025-04-21T22:00:00.000Z;0.0
2025-04-21T22:15:00.000Z;0.0
2025-04-21T22:30:00.000Z;0.0
2025-04-21T22:45:00.000Z;0.0
2025-04-21T23:00:00.000Z;0.0
2025-04-21T23:15:00.000Z;0.0
2025-04-21T23:30:00.000Z;0.0
2025-04-21T23:45:00.000Z;0.0
2025-04-22T00:00:00.000Z;0.0
2025-04-22T00:15:00.000Z;0.0
2025-04-22T00:30:00.000Z;0.0
2025-04-22T00:45:00.000Z;0.0
2025-04-22T01:00:00.000Z;0.0
2025-04-22T01:15:00.000Z;0.0
2025-04-22T01:30:00.000Z;0.0
2025-04-22T01:45:00.000Z;0.0
2025-04-22T02:00:00.000Z;0.0
2025-04-22T02:15:00.000Z;0.0
2025-04-22T02:30:00.000Z;0.0
2025-04-22T02:45:00.000Z;0.0
2025-04-22T03:00:00.000Z;0.0
2025-04-22T03:15:00.000Z;18.8
2025-04-22T03:30:00.000Z;36.8
2025-04-22T03:45:00.000Z;54.8
2025-04-22T04:00:00.000Z;72.9
2025-04-22T04:15:00.000Z;105.4
2025-04-22T04:30:00.000Z;131.3
2025-04-22T04:45:00.000Z;157.3
2025-04-22T05:00:00.000Z;183.2
2025-04-22T05:15:00.000Z;214.7
2025-04-22T05:30:00.000Z;240.4
2025-04-22T05:45:00.000Z;266.1
2025-04-22T06:00:00.000Z;291.8
2025-04-22T06:15:00.000Z;315.6
2025-04-22T06:30:00.000Z;338.3
2025-04-22T06:45:00.000Z;361.1
2025-04-22T07:00:00.000Z;383.8
2025-04-22T07:15:00.000Z;412.3
2025-04-22T07:30:00.000Z;427.6
2025-04-22T07:45:00.000Z;442.9
2025-04-22T08:00:00.000Z;458.1
2025-04-22T08:15:00.000Z;469.5
2025-04-22T08:30:00.000Z;474.2
2025-04-22T08:45:00.000Z;474.2
2025-04-22T09:00:00.000Z;469.5
2025-04-22T09:15:00.000Z;462.6
2025-04-22T09:30:00.000Z;460.7
2025-04-22T09:45:00.000Z;459.4
2025-04-22T10:00:00.000Z;457.5
2025-04-22T10:15:00.000Z;457.5
2025-04-22T10:30:00.000Z;441.2
2025-04-22T10:45:00.000Z;424.9
2025-04-22T11:00:00.000Z;408.6
2025-04-22T11:15:00.000Z;359.9
2025-04-22T11:30:00.000Z;339.8
2025-04-22T11:45:00.000Z;319.6
2025-04-22T12:00:00.000Z;299.5
2025-04-22T12:15:00.000Z;293.9
2025-04-22T12:30:00.000Z;279.3
2025-04-22T12:45:00.000Z;264.7
2025-04-22T13:00:00.000Z;250.1
2025-04-22T13:15:00.000Z;236.7
2025-04-22T13:30:00.000Z;220.9
2025-04-22T13:45:00.000Z;205.2
2025-04-22T14:00:00.000Z;189.4
2025-04-22T14:15:00.000Z;168.0
2025-04-22T14:30:00.000Z;153.3
2025-04-22T14:45:00.000Z;138.5
2025-04-22T15:00:00.000Z;123.8
2025-04-22T15:15:00.000Z;114.1
2025-04-22T15:30:00.000Z;101.4
2025-04-22T15:45:00.000Z;88.6
2025-04-22T16:00:00.000Z;75.9
2025-04-22T16:15:00.000Z;61.2
2025-04-22T16:30:00.000Z;49.6
2025-04-22T16:45:00.000Z;38.0
2025-04-22T17:00:00.000Z;26.4
2025-04-22T17:15:00.000Z;4.4
2025-04-22T17:30:00.000Z;3.0
2025-04-22T17:45:00.000Z;1.5
2025-04-22T18:00:00.000Z;0.0
2025-04-22T18:15:00.000Z;0.0
2025-04-22T18:30:00.000Z;0.0
2025-04-22T18:45:00.000Z;0.0
2025-04-22T19:00:00.000Z;0.0
2025-04-22T19:15:00.000Z;0.0
2025-04-22T19:30:00.000Z;0.0
2025-04-22T19:45:00.000Z;0.0
2025-04-22T20:00:00.000Z;0.0
2025-04-22T20:15:00.000Z;0.0
2025-04-22T20:30:00.000Z;0.0
2025-04-22T20:45:00.000Z;0.0
2025-04-22T21:00:00.000Z;0.0
2025-04-22T21:15:00.000Z;0.0
2025-04-22T21:30:00.000Z;0.0
2025-04-22T21:45:00.000Z;0.0
2025-04-22T22:00:00.000Z;0.0
2025-04-22T22:15:00.000Z;0.0
2025-04-22T22:30:00.000Z;0.0
2025-04-22T22:45:00.000Z;0.0
2025-04-22T23:00:00.000Z;0.0
2025-04-22T23:15:00.000Z;0.0
2025-04-22T23:30:00.000Z;0.0
2025-04-22T23:45:00.000Z;0.0
2025-04-23T00:00:00.000Z;0.0
2025-04-23T00:15:00.000Z;0.0
2025-04-23T00:30:00.000Z;0.0
2025-04-23T00:45:00.000Z;0.0
2025-04-23T01:00:00.000Z;0.0
2025-04-23T01:15:00.000Z;0.0
2025-04-23T01:30:00.000Z;0.0
2025-04-23T01:45:00.000Z;0.0
2025-04-23T02:00:00.000Z;0.0
2025-04-23T02:15:00.000Z;0.0
2025-04-23T02:30:00.000Z;0.0
2025-04-23T02:45:00.000Z;0.0
2025-04-23T03:00:00.000Z;0.0
2025-04-23T03:15:00.000Z;2.1
2025-04-23T03:30:00.000Z;10.2
2025-04-23T03:45:00.000Z;18.3
2025-04-23T04:00:00.000Z;26.4
2025-04-23T04:15:00.000Z;44.3
2025-04-23T04:30:00.000Z;57.9
2025-04-23T04:45:00.000Z;71.6
2025-04-23T05:00:00.000Z;85.2
2025-04-23T05:15:00.000Z;96.7
2025-04-23T05:30:00.000Z;114.4
2025-04-23T05:45:00.000Z;132.1
2025-04-23T06:00:00.000Z;149.9
2025-04-23T06:15:00.000Z;179.6
2025-04-23T06:30:00.000Z;197.6
2025-04-23T06:45:00.000Z;215.6
2025-04-23T07:00:00.000Z;233.7
2025-04-23T07:15:00.000Z;253.9
2025-04-23T07:30:00.000Z;264.1
2025-04-23T07:45:00.000Z;271.0
2025-04-23T08:00:00.000Z;281.3
2025-04-23T08:15:00.000Z;281.3
2025-04-23T08:30:00.000Z;290.3
2025-04-23T08:45:00.000Z;299.3
2025-04-23T09:00:00.000Z;308.3
2025-04-23T09:15:00.000Z;338.7
2025-04-23T09:30:00.000Z;340.4
2025-04-23T09:45:00.000Z;340.4
2025-04-23T10:00:00.000Z;338.7
2025-04-23T10:15:00.000Z;336.8
2025-04-23T10:30:00.000Z;335.7
2025-04-23T10:45:00.000Z;335.0
2025-04-23T11:00:00.000Z;334.0
2025-04-23T11:15:00.000Z;333.5
2025-04-23T11:30:00.000Z;332.4
2025-04-23T11:45:00.000Z;331.7
2025-04-23T12:00:00.000Z;330.5
2025-04-23T12:15:00.000Z;330.5
2025-04-23T12:30:00.000Z;326.9
2025-04-23T12:45:00.000Z;323.2
2025-04-23T13:00:00.000Z;319.6
2025-04-23T13:15:00.000Z;317.7
2025-04-23T13:30:00.000Z;307.8
2025-04-23T13:45:00.000Z;297.9
2025-04-23T14:00:00.000Z;287.9
2025-04-23T14:15:00.000Z;270.7
2025-04-23T14:30:00.000Z;253.9
2025-04-23T14:45:00.000Z;237.2
2025-04-23T15:00:00.000Z;220.4
2025-04-23T15:15:00.000Z;196.9
2025-04-23T15:30:00.000Z;178.2
2025-04-23T15:45:00.000Z;159.5
2025-04-23T16:00:00.000Z;140.8
2025-04-23T16:15:00.000Z;123.9
2025-04-23T16:30:00.000Z;105.1
2025-04-23T16:45:00.000Z;86.3
2025-04-23T17:00:00.000Z;67.6
2025-04-23T17:15:00.000Z;36.7
2025-04-23T17:30:00.000Z;24.8
2025-04-23T17:45:00.000Z;12.8
2025-04-23T18:00:00.000Z;0.8
2025-04-23T18:15:00.000Z;0.0
2025-04-23T18:30:00.000Z;0.0
2025-04-23T18:45:00.000Z;0.0
2025-04-23T19:00:00.000Z;0.0
2025-04-23T19:15:00.000Z;0.0
2025-04-23T19:30:00.000Z;0.0
2025-04-23T19:45:00.000Z;0.0
2025-04-23T20:00:00.000Z;0.0
2025-04-23T20:15:00.000Z;0.0
2025-04-23T20:30:00.000Z;0.0
2025-04-23T20:45:00.000Z;0.0
2025-04-23T21:00:00.000Z;0.0
2025-04-23T21:15:00.000Z;0.0
2025-04-23T21:30:00.000Z;0.0
2025-04-23T21:45:00.000Z;0.0
2025-04-23T22:00:00.000Z;0.0
2025-04-23T22:15:00.000Z;0.0
2025-04-23T22:30:00.000Z;0.0
2025-04-23T22:45:00.000Z;0.0
2025-04-23T23:00:00.000Z;0.0
2025-04-23T23:15:00.000Z;0.0
2025-04-23T23:30:00.000Z;0.0
2025-04-23T23:45:00.000Z;0.0
2025-04-24T00:00:00.000Z;0.0
2025-04-24T00:15:00.000Z;0.0
2025-04-24T00:30:00.000Z;0.0
2025-04-24T00:45:00.000Z;0.0
2025-04-24T01:00:00.000Z;0.0
2025-04-24T01:15:00.000Z;0.0
2025-04-24T01:30:00.000Z;0.0
2025-04-24T01:45:00.000Z;0.0
2025-04-24T02:00:00.000Z;0.0
2025-04-24T02:15:00.000Z;0.0
2025-04-24T02:30:00.000Z;0.0
2025-04-24T02:45:00.000Z;0.0
2025-04-24T03:00:00.000Z;0.0
2025-04-24T03:15:00.000Z;28.1
2025-04-24T03:30:00.000Z;53.7
2025-04-24T03:45:00.000Z;79.2
2025-04-24T04:00:00.000Z;104.8
2025-04-24T04:15:00.000Z;149.4
2025-04-24T04:30:00.000Z;186.1
2025-04-24T04:45:00.000Z;222.9
2025-04-24T05:00:00.000Z;259.6
2025-04-24T05:15:00.000Z;302.6
2025-04-24T05:30:00.000Z;341.1
2025-04-24T05:45:00.000Z;379.6
2025-04-24T06:00:00.000Z;418.1
2025-04-24T06:15:00.000Z;459.2
2025-04-24T06:30:00.000Z;494.8
2025-04-24T06:45:00.000Z;530.3
2025-04-24T07:00:00.000Z;565.9
2025-04-24T07:15:00.000Z;602.6
2025-04-24T07:30:00.000Z;630.8
2025-04-24T07:45:00.000Z;658.9
2025-04-24T08:00:00.000Z;687.1
2025-04-24T08:15:00.000Z;710.7
2025-04-24T08:30:00.000Z;729.0
2025-04-24T08:45:00.000Z;747.2
2025-04-24T09:00:00.000Z;765.4
2025-04-24T09:15:00.000Z;779.8
2025-04-24T09:30:00.000Z;788.0
2025-04-24T09:45:00.000Z;793.5
2025-04-24T10:00:00.000Z;801.7
2025-04-24T10:15:00.000Z;801.7
2025-04-24T10:30:00.000Z;807.1
2025-04-24T10:45:00.000Z;807.1
2025-04-24T11:00:00.000Z;801.7
2025-04-24T11:15:00.000Z;790.4
2025-04-24T11:30:00.000Z;774.8
2025-04-24T11:45:00.000Z;759.1
2025-04-24T12:00:00.000Z;743.5
2025-04-24T12:15:00.000Z;718.4
2025-04-24T12:30:00.000Z;692.3
2025-04-24T12:45:00.000Z;666.2
2025-04-24T13:00:00.000Z;640.1
2025-04-24T13:15:00.000Z;607.4
2025-04-24T13:30:00.000Z;574.6
2025-04-24T13:45:00.000Z;541.7
2025-04-24T14:00:00.000Z;508.8
2025-04-24T14:15:00.000Z;471.2
2025-04-24T14:30:00.000Z;434.7
2025-04-24T14:45:00.000Z;398.1
2025-04-24T15:00:00.000Z;361.6
2025-04-24T15:15:00.000Z;319.0
2025-04-24T15:30:00.000Z;283.5
2025-04-24T15:45:00.000Z;248.1
2025-04-24T16:00:00.000Z;212.6
2025-04-24T16:15:00.000Z;177.3
2025-04-24T16:30:00.000Z;147.7
2025-04-24T16:45:00.000Z;118.0
2025-04-24T17:00:00.000Z;88.4
2025-04-24T17:15:00.000Z;53.6
2025-04-24T17:30:00.000Z;37.0
2025-04-24T17:45:00.000Z;20.4
2025-04-24T18:00:00.000Z;3.8
2025-04-24T18:15:00.000Z;0.0
2025-04-24T18:30:00.000Z;0.0
2025-04-24T18:45:00.000Z;0.0
2025-04-24T19:00:00.000Z;0.0
2025-04-24T19:15:00.000Z;0.0
2025-04-24T19:30:00.000Z;0.0
2025-04-24T19:45:00.000Z;0.0
2025-04-24T20:00:00.000Z;0.0
2025-04-24T20:15:00.000Z;0.0
2025-04-24T20:30:00.000Z;0.0
2025-04-24T20:45:00.000Z;0.0
2025-04-24T21:00:00.000Z;0.0
2025-04-24T21:15:00.000Z;0.0
2025-04-24T21:30:00.000Z;0.0
2025-04-24T21:45:00.000Z;0.0
2025-04-24T22:00:00.000Z;0.0
2025-04-24T22:15:00.000Z;0.0
2025-04-24T22:30:00.000Z;0.0
2025-04-24T22:45:00.000Z;0.0
2025-04-24T23:00:00.000Z;0.0
2025-04-24T23:15:00.000Z;0.0
2025-04-24T23:30:00.000Z;0.0
2025-04-24T23:45:00.000Z;0.0
2025-04-25T00:00:00.000Z;0.0
2025-04-25T00:15:00.000Z;0.0
2025-04-25T00:30:00.000Z;0.0
2025-04-25T00:45:00.000Z;0.0
2025-04-25T01:00:00.000Z;0.0
2025-04-25T01:15:00.000Z;0.0
2025-04-25T01:30:00.000Z;0.0
2025-04-25T01:45:00.000Z;0.0
2025-04-25T02:00:00.000Z;0.0
2025-04-25T02:15:00.000Z;0.0
2025-04-25T02:30:00.000Z;0.1
2025-04-25T02:45:00.000Z;0.2
2025-04-25T03:00:00.000Z;0.4
2025-04-25T03:15:00.000Z;30.7
2025-04-25T03:30:00.000Z;53.6
2025-04-25T03:45:00.000Z;76.4
2025-04-25T04:00:00.000Z;99.3
2025-04-25T04:15:00.000Z;135.6
2025-04-25T04:30:00.000Z;167.3
2025-04-25T04:45:00.000Z;199.0
2025-04-25T05:00:00.000Z;230.7
2025-04-25T05:15:00.000Z;267.2
2025-04-25T05:30:00.000Z;301.4
2025-04-25T05:45:00.000Z;335.6
2025-04-25T06:00:00.000Z;369.8
2025-04-25T06:15:00.000Z;406.5
2025-04-25T06:30:00.000Z;440.1
2025-04-25T06:45:00.000Z;473.6
2025-04-25T07:00:00.000Z;507.2
2025-04-25T07:15:00.000Z;544.3
2025-04-25T07:30:00.000Z;572.7
2025-04-25T07:45:00.000Z;601.0
2025-04-25T08:00:00.000Z;629.3
2025-04-25T08:15:00.000Z;655.6
2025-04-25T08:30:00.000Z;674.2
2025-04-25T08:45:00.000Z;692.7
2025-04-25T09:00:00.000Z;711.2
2025-04-25T09:15:00.000Z;720.6
2025-04-25T09:30:00.000Z;730.3
2025-04-25T09:45:00.000Z;740.0
2025-04-25T10:00:00.000Z;749.7
2025-04-25T10:15:00.000Z;755.7
2025-04-25T10:30:00.000Z;766.0
2025-04-25T10:45:00.000Z;766.0
2025-04-25T11:00:00.000Z;755.7
2025-04-25T11:15:00.000Z;711.5
2025-04-25T11:30:00.000Z;693.0
2025-04-25T11:45:00.000Z;674.4
2025-04-25T12:00:00.000Z;655.9
2025-04-25T12:15:00.000Z;637.8
2025-04-25T12:30:00.000Z;621.0
2025-04-25T12:45:00.000Z;604.2
2025-04-25T13:00:00.000Z;587.4
2025-04-25T13:15:00.000Z;584.9
2025-04-25T13:30:00.000Z;561.1
2025-04-25T13:45:00.000Z;537.2
2025-04-25T14:00:00.000Z;513.4
2025-04-25T14:15:00.000Z;470.9
2025-04-25T14:30:00.000Z;438.3
2025-04-25T14:45:00.000Z;405.7
2025-04-25T15:00:00.000Z;373.2
2025-04-25T15:15:00.000Z;339.8
2025-04-25T15:30:00.000Z;305.7
2025-04-25T15:45:00.000Z;271.6
2025-04-25T16:00:00.000Z;237.5
2025-04-25T16:15:00.000Z;196.6
2025-04-25T16:30:00.000Z;165.1
2025-04-25T16:45:00.000Z;133.6
2025-04-25T17:00:00.000Z;102.1
2025-04-25T17:15:00.000Z;64.6
2025-04-25T17:30:00.000Z;45.9
2025-04-25T17:45:00.000Z;27.2
2025-04-25T18:00:00.000Z;8.6
2025-04-25T18:15:00.000Z;0.0
2025-04-25T18:30:00.000Z;0.0
2025-04-25T18:45:00.000Z;0.0
2025-04-25T19:00:00.000Z;0.0
2025-04-25T19:15:00.000Z;0.0
2025-04-25T19:30:00.000Z;0.0
2025-04-25T19:45:00.000Z;0.0
2025-04-25T20:00:00.000Z;0.0
2025-04-25T20:15:00.000Z;0.0
2025-04-25T20:30:00.000Z;0.0
2025-04-25T20:45:00.000Z;0.0
2025-04-25T21:00:00.000Z;0.0
2025-04-25T21:15:00.000Z;0.0
2025-04-25T21:30:00.000Z;0.0
2025-04-25T21:45:00.000Z;0.0
2025-04-25T22:00:00.000Z;0.0
2025-04-25T22:15:00.000Z;0.0
2025-04-25T22:30:00.000Z;0.0
2025-04-25T22:45:00.000Z;0.0
2025-04-25T23:00:00.000Z;0.0
2025-04-25T23:15:00.000Z;0.0
2025-04-25T23:30:00.000Z;0.0
2025-04-25T23:45:00.000Z;0.0
2025-04-26T00:00:00.000Z;0.0
2025-04-26T00:15:00.000Z;0.0
2025-04-26T00:30:00.000Z;0.0
2025-04-26T00:45:00.000Z;0.0
2025-04-26T01:00:00.000Z;0.0
2025-04-26T01:15:00.000Z;0.0
2025-04-26T01:30:00.000Z;0.0
2025-04-26T01:45:00.000Z;0.0
2025-04-26T02:00:00.000Z;0.0
2025-04-26T02:15:00.000Z;0.0
2025-04-26T02:30:00.000Z;0.3
2025-04-26T02:45:00.000Z;0.5
2025-04-26T03:00:00.000Z;0.8
2025-04-26T03:15:00.000Z;37.0
2025-04-26T03:30:00.000Z;61.0
2025-04-26T03:45:00.000Z;85.0
2025-04-26T04:00:00.000Z;109.0
2025-04-26T04:15:00.000Z;140.4
2025-04-26T04:30:00.000Z;175.1
2025-04-26T04:45:00.000Z;209.8
2025-04-26T05:00:00.000Z;244.5
2025-04-26T05:15:00.000Z;288.8
2025-04-26T05:30:00.000Z;330.0
2025-04-26T05:45:00.000Z;371.3
2025-04-26T06:00:00.000Z;412.5
2025-04-26T06:15:00.000Z;466.3
2025-04-26T06:30:00.000Z;503.7
2025-04-26T06:45:00.000Z;541.1
2025-04-26T07:00:00.000Z;578.5
2025-04-26T07:15:00.000Z;608.8
2025-04-26T07:30:00.000Z;636.1
2025-04-26T07:45:00.000Z;663.4
2025-04-26T08:00:00.000Z;690.7
2025-04-26T08:15:00.000Z;722.5
2025-04-26T08:30:00.000Z;736.3
2025-04-26T08:45:00.000Z;745.6
2025-04-26T09:00:00.000Z;759.4
2025-04-26T09:15:00.000Z;759.4
2025-04-26T09:30:00.000Z;767.5
2025-04-26T09:45:00.000Z;775.5
2025-04-26T10:00:00.000Z;783.6
2025-04-26T10:15:00.000Z;802.8
2025-04-26T10:30:00.000Z;808.1
2025-04-26T10:45:00.000Z;808.1
2025-04-26T11:00:00.000Z;802.8
2025-04-26T11:15:00.000Z;802.8
2025-04-26T11:30:00.000Z;794.8
2025-04-26T11:45:00.000Z;789.5
2025-04-26T12:00:00.000Z;781.6
2025-04-26T12:15:00.000Z;746.8
2025-04-26T12:30:00.000Z;724.4
2025-04-26T12:45:00.000Z;702.0
2025-04-26T13:00:00.000Z;679.6
2025-04-26T13:15:00.000Z;657.4
2025-04-26T13:30:00.000Z;627.8
2025-04-26T13:45:00.000Z;598.2
2025-04-26T14:00:00.000Z;568.7
2025-04-26T14:15:00.000Z;530.8
2025-04-26T14:30:00.000Z;494.7
2025-04-26T14:45:00.000Z;458.6
2025-04-26T15:00:00.000Z;422.5
2025-04-26T15:15:00.000Z;381.0
2025-04-26T15:30:00.000Z;343.2
2025-04-26T15:45:00.000Z;305.3
2025-04-26T16:00:00.000Z;267.4
2025-04-26T16:15:00.000Z;226.1
2025-04-26T16:30:00.000Z;191.1
2025-04-26T16:45:00.000Z;156.2
2025-04-26T17:00:00.000Z;121.2
2025-04-26T17:15:00.000Z;77.2
2025-04-26T17:30:00.000Z;55.5
2025-04-26T17:45:00.000Z;33.8
2025-04-26T18:00:00.000Z;12.1
2025-04-26T18:15:00.000Z;0.0
2025-04-26T18:30:00.000Z;0.0
2025-04-26T18:45:00.000Z;0.0
2025-04-26T19:00:00.000Z;0.0
2025-04-26T19:15:00.000Z;0.0
2025-04-26T19:30:00.000Z;0.0
2025-04-26T19:45:00.000Z;0.0
2025-04-26T20:00:00.000Z;0.0
2025-04-26T20:15:00.000Z;0.0
2025-04-26T20:30:00.000Z;0.0
2025-04-26T20:45:00.000Z;0.0
2025-04-26T21:00:00.000Z;0.0
2025-04-26T21:15:00.000Z;0.0
2025-04-26T21:30:00.000Z;0.0
2025-04-26T21:45:00.000Z;0.0
2025-04-26T22:00:00.000Z;0.0
2025-04-26T22:15:00.000Z;0.0
2025-04-26T22:30:00.000Z;0.0
2025-04-26T22:45:00.000Z;0.0
2025-04-26T23:00:00.000Z;0.0
2025-04-26T23:15:00.000Z;0.0
2025-04-26T23:30:00.000Z;0.0
2025-04-26T23:45:00.000Z;0.0
2025-04-27T00:00:00.000Z;0.0
2025-04-27T00:15:00.000Z;0.0
2025-04-27T00:30:00.000Z;0.0
2025-04-27T00:45:00.000Z;0.0
2025-04-27T01:00:00.000Z;0.0
2025-04-27T01:15:00.000Z;0.0
2025-04-27T01:30:00.000Z;0.0
2025-04-27T01:45:00.000Z;0.0
2025-04-27T02:00:00.000Z;0.0
2025-04-27T02:15:00.000Z;0.0
2025-04-27T02:30:00.000Z;0.3
2025-04-27T02:45:00.000Z;0.6
2025-04-27T03:00:00.000Z;0.8
2025-04-27T03:15:00.000Z;37.5
2025-04-27T03:30:00.000Z;60.0
2025-04-27T03:45:00.000Z;82.6
2025-04-27T04:00:00.000Z;105.1
2025-04-27T04:15:00.000Z;136.1
2025-04-27T04:30:00.000Z;165.8
2025-04-27T04:45:00.000Z;195.5
2025-04-27T05:00:00.000Z;225.2
2025-04-27T05:15:00.000Z;261.5
2025-04-27T05:30:00.000Z;293.0
2025-04-27T05:45:00.000Z;324.4
2025-04-27T06:00:00.000Z;355.9
2025-04-27T06:15:00.000Z;392.7
2025-04-27T06:30:00.000Z;419.2
2025-04-27T06:45:00.000Z;445.7
2025-04-27T07:00:00.000Z;472.2
2025-04-27T07:15:00.000Z;488.4
2025-04-27T07:30:00.000Z;509.8
2025-04-27T07:45:00.000Z;531.2
2025-04-27T08:00:00.000Z;552.7
2025-04-27T08:15:00.000Z;582.5
2025-04-27T08:30:00.000Z;596.7
2025-04-27T08:45:00.000Z;610.9
2025-04-27T09:00:00.000Z;625.1
2025-04-27T09:15:00.000Z;631.9
2025-04-27T09:30:00.000Z;633.6
2025-04-27T09:45:00.000Z;634.7
2025-04-27T10:00:00.000Z;636.4
2025-04-27T10:15:00.000Z;636.4
2025-04-27T10:30:00.000Z;637.6
2025-04-27T10:45:00.000Z;637.6
2025-04-27T11:00:00.000Z;636.4
2025-04-27T11:15:00.000Z;613.4
2025-04-27T11:30:00.000Z;594.3
2025-04-27T11:45:00.000Z;575.1
2025-04-27T12:00:00.000Z;556.0
2025-04-27T12:15:00.000Z;521.9
2025-04-27T12:30:00.000Z;496.5
2025-04-27T12:45:00.000Z;471.1
2025-04-27T13:00:00.000Z;445.7
2025-04-27T13:15:00.000Z;421.6
2025-04-27T13:30:00.000Z;394.9
2025-04-27T13:45:00.000Z;368.1
2025-04-27T14:00:00.000Z;341.4
2025-04-27T14:15:00.000Z;306.2
2025-04-27T14:30:00.000Z;281.9
2025-04-27T14:45:00.000Z;257.7
2025-04-27T15:00:00.000Z;233.4
2025-04-27T15:15:00.000Z;219.3
2025-04-27T15:30:00.000Z;198.0
2025-04-27T15:45:00.000Z;176.7
2025-04-27T16:00:00.000Z;155.4
2025-04-27T16:15:00.000Z;129.3
2025-04-27T16:30:00.000Z;109.4
2025-04-27T16:45:00.000Z;89.4
2025-04-27T17:00:00.000Z;69.5
2025-04-27T17:15:00.000Z;46.5
2025-04-27T17:30:00.000Z;34.1
2025-04-27T17:45:00.000Z;21.7
2025-04-27T18:00:00.000Z;9.3
2025-04-27T18:15:00.000Z;0.0
2025-04-27T18:30:00.000Z;0.0
2025-04-27T18:45:00.000Z;0.0
2025-04-27T19:00:00.000Z;0.0
2025-04-27T19:15:00.000Z;0.0
2025-04-27T19:30:00.000Z;0.0
2025-04-27T19:45:00.000Z;0.0
2025-04-27T20:00:00.000Z;0.0
2025-04-27T20:15:00.000Z;0.0
2025-04-27T20:30:00.000Z;0.0
2025-04-27T20:45:00.000Z;0.0
2025-04-27T21:00:00.000Z;0.0
2025-04-27T21:15:00.000Z;0.0
2025-04-27T21:30:00.000Z;0.0
2025-04-27T21:45:00.000Z;0.0
2025-04-27T22:00:00.000Z;0.0
2025-04-27T22:15:00.000Z;0.0
2025-04-27T22:30:00.000Z;0.0
2025-04-27T22:45:00.000Z;0.0
2025-04-27T23:00:00.000Z;0.0
2025-04-27T23:15:00.000Z;0.0
2025-04-27T23:30:00.000Z;0.0
2025-04-27T23:45:00.000Z;0.0
2025-04-28T00:00:00.000Z;0.0
2025-04-28T00:15:00.000Z;0.0
2025-04-28T00:30:00.000Z;0.0
2025-04-28T00:45:00.000Z;0.0
2025-04-28T01:00:00.000Z;0.0
2025-04-28T01:15:00.000Z;0.0
2025-04-28T01:30:00.000Z;0.0
2025-04-28T01:45:00.000Z;0.0
2025-04-28T02:00:00.000Z;0.0
2025-04-28T02:15:00.000Z;0.0
2025-04-28T02:30:00.000Z;0.3
2025-04-28T02:45:00.000Z;0.5
2025-04-28T03:00:00.000Z;0.8
2025-04-28T03:15:00.000Z;31.3
2025-04-28T03:30:00.000Z;49.0
2025-04-28T03:45:00.000Z;66.7
2025-04-28T04:00:00.000Z;84.4
2025-04-28T04:15:00.000Z;107.6
2025-04-28T04:30:00.000Z;130.6
2025-04-28T04:45:00.000Z;153.7
2025-04-28T05:00:00.000Z;176.7
2025-04-28T05:15:00.000Z;203.8
2025-04-28T05:30:00.000Z;229.2
2025-04-28T05:45:00.000Z;254.6
2025-04-28T06:00:00.000Z;279.9
2025-04-28T06:15:00.000Z;305.3
2025-04-28T06:30:00.000Z;331.8
2025-04-28T06:45:00.000Z;358.3
2025-04-28T07:00:00.000Z;384.9
2025-04-28T07:15:00.000Z;403.3
2025-04-28T07:30:00.000Z;437.2
2025-04-28T07:45:00.000Z;471.1
2025-04-28T08:00:00.000Z;505.1
2025-04-28T08:15:00.000Z;573.1
2025-04-28T08:30:00.000Z;602.0
2025-04-28T08:45:00.000Z;630.9
2025-04-28T09:00:00.000Z;659.8
2025-04-28T09:15:00.000Z;679.2
2025-04-28T09:30:00.000Z;691.5
2025-04-28T09:45:00.000Z;691.5
2025-04-28T10:00:00.000Z;679.2
2025-04-28T10:15:00.000Z;663.2
2025-04-28T10:30:00.000Z;656.7
2025-04-28T10:45:00.000Z;652.4
2025-04-28T11:00:00.000Z;645.9
2025-04-28T11:15:00.000Z;645.9
2025-04-28T11:30:00.000Z;625.5
2025-04-28T11:45:00.000Z;605.0
2025-04-28T12:00:00.000Z;584.6
2025-04-28T12:15:00.000Z;543.1
2025-04-28T12:30:00.000Z;508.4
2025-04-28T12:45:00.000Z;473.6
2025-04-28T13:00:00.000Z;438.9
2025-04-28T13:15:00.000Z;392.7
2025-04-28T13:30:00.000Z;355.8
2025-04-28T13:45:00.000Z;318.9
2025-04-28T14:00:00.000Z;282.0
2025-04-28T14:15:00.000Z;239.7
2025-04-28T14:30:00.000Z;210.3
2025-04-28T14:45:00.000Z;180.9
2025-04-28T15:00:00.000Z;151.6
2025-04-28T15:15:00.000Z;129.0
2025-04-28T15:30:00.000Z;111.2
2025-04-28T15:45:00.000Z;93.5
2025-04-28T16:00:00.000Z;75.8
2025-04-28T16:15:00.000Z;70.4
2025-04-28T16:30:00.000Z;59.3
2025-04-28T16:45:00.000Z;48.3
2025-04-28T17:00:00.000Z;37.2
2025-04-28T17:15:00.000Z;24.1
2025-04-28T17:30:00.000Z;17.4
2025-04-28T17:45:00.000Z;10.6
2025-04-28T18:00:00.000Z;3.9
2025-04-28T18:15:00.000Z;0.0
2025-04-28T18:30:00.000Z;0.0
2025-04-28T18:45:00.000Z;0.0
2025-04-28T19:00:00.000Z;0.0
2025-04-28T19:15:00.000Z;0.0
2025-04-28T19:30:00.000Z;0.0
2025-04-28T19:45:00.000Z;0.0
2025-04-28T20:00:00.000Z;0.0
2025-04-28T20:15:00.000Z;0.0
2025-04-28T20:30:00.000Z;0.0
2025-04-28T20:45:00.000Z;0.0
2025-04-28T21:00:00.000Z;0.0
2025-04-28T21:15:00.000Z;0.0
2025-04-28T21:30:00.000Z;0.0
2025-04-28T21:45:00.000Z;0.0
2025-04-28T22:00:00.000Z;0.0
2025-04-28T22:15:00.000Z;0.0
2025-04-28T22:30:00.000Z;0.0
2025-04-28T22:45:00.000Z;0.0
2025-04-28T23:00:00.000Z;0.0
2025-04-28T23:15:00.000Z;0.0
2025-04-28T23:30:00.000Z;0.0
2025-04-28T23:45:00.000Z;0.0
2025-04-29T00:00:00.000Z;0.0
2025-04-29T00:15:00.000Z;0.0
2025-04-29T00:30:00.000Z;0.0
2025-04-29T00:45:00.000Z;0.0
2025-04-29T01:00:00.000Z;0.0
2025-04-29T01:15:00.000Z;0.0
2025-04-29T01:30:00.000Z;0.0
2025-04-29T01:45:00.000Z;0.0
2025-04-29T02:00:00.000Z;0.0
2025-04-29T02:15:00.000Z;0.0
2025-04-29T02:30:00.000Z;0.1
2025-04-29T02:45:00.000Z;0.3
2025-04-29T03:00:00.000Z;0.4
2025-04-29T03:15:00.000Z;10.5
2025-04-29T03:30:00.000Z;26.6
2025-04-29T03:45:00.000Z;42.7
2025-04-29T04:00:00.000Z;58.8
2025-04-29T04:15:00.000Z;92.2
2025-04-29T04:30:00.000Z;116.8
2025-04-29T04:45:00.000Z;141.3
2025-04-29T05:00:00.000Z;165.8
2025-04-29T05:15:00.000Z;187.9
2025-04-29T05:30:00.000Z;216.6
2025-04-29T05:45:00.000Z;245.2
2025-04-29T06:00:00.000Z;273.9
2025-04-29T06:15:00.000Z;315.6
2025-04-29T06:30:00.000Z;344.0
2025-04-29T06:45:00.000Z;372.4
2025-04-29T07:00:00.000Z;400.8
2025-04-29T07:15:00.000Z;425.8
2025-04-29T07:30:00.000Z;447.4
2025-04-29T07:45:00.000Z;468.9
2025-04-29T08:00:00.000Z;490.4
2025-04-29T08:15:00.000Z;505.6
2025-04-29T08:30:00.000Z;522.1
2025-04-29T08:45:00.000Z;538.6
2025-04-29T09:00:00.000Z;555.1
2025-04-29T09:15:00.000Z;568.7
2025-04-29T09:30:00.000Z;583.0
2025-04-29T09:45:00.000Z;597.2
2025-04-29T10:00:00.000Z;611.5
2025-04-29T10:15:00.000Z;642.3
2025-04-29T10:30:00.000Z;647.2
2025-04-29T10:45:00.000Z;647.2
2025-04-29T11:00:00.000Z;642.3
2025-04-29T11:15:00.000Z;642.3
2025-04-29T11:30:00.000Z;634.8
2025-04-29T11:45:00.000Z;629.9
2025-04-29T12:00:00.000Z;622.5
2025-04-29T12:15:00.000Z;576.7
2025-04-29T12:30:00.000Z;565.0
2025-04-29T12:45:00.000Z;557.1
2025-04-29T13:00:00.000Z;545.4
2025-04-29T13:15:00.000Z;545.4
2025-04-29T13:30:00.000Z;526.8
2025-04-29T13:45:00.000Z;508.3
2025-04-29T14:00:00.000Z;489.8
2025-04-29T14:15:00.000Z;456.9
2025-04-29T14:30:00.000Z;427.5
2025-04-29T14:45:00.000Z;398.1
2025-04-29T15:00:00.000Z;368.7
2025-04-29T15:15:00.000Z;330.6
2025-04-29T15:30:00.000Z;298.6
2025-04-29T15:45:00.000Z;266.6
2025-04-29T16:00:00.000Z;234.6
2025-04-29T16:15:00.000Z;201.2
2025-04-29T16:30:00.000Z;171.6
2025-04-29T16:45:00.000Z;142.0
2025-04-29T17:00:00.000Z;112.4
2025-04-29T17:15:00.000Z;75.3
2025-04-29T17:30:00.000Z;55.7
2025-04-29T17:45:00.000Z;36.1
2025-04-29T18:00:00.000Z;16.5
2025-04-29T18:15:00.000Z;0.0
2025-04-29T18:30:00.000Z;0.0
2025-04-29T18:45:00.000Z;0.0
2025-04-29T19:00:00.000Z;0.0
2025-04-29T19:15:00.000Z;0.0
2025-04-29T19:30:00.000Z;0.0
2025-04-29T19:45:00.000Z;0.0
2025-04-29T20:00:00.000Z;0.0
2025-04-29T20:15:00.000Z;0.0
2025-04-29T20:30:00.000Z;0.0
2025-04-29T20:45:00.000Z;0.0
2025-04-29T21:00:00.000Z;0.0
2025-04-29T21:15:00.000Z;0.0
2025-04-29T21:30:00.000Z;0.0
2025-04-29T21:45:00.000Z;0.0
2025-04-29T22:00:00.000Z;0.0
2025-04-29T22:15:00.000Z;0.0
2025-04-29T22:30:00.000Z;0.0
2025-04-29T22:45:00.000Z;0.0
2025-04-29T23:00:00.000Z;0.0
2025-04-29T23:15:00.000Z;0.0
2025-04-29T23:30:00.000Z;0.0
2025-04-29T23:45:00.000Z;0.0
2025-04-30T00:00:00.000Z;0.0
2025-04-30T00:15:00.000Z;0.0
2025-04-30T00:30:00.000Z;0.0
2025-04-30T00:45:00.000Z;0.0
2025-04-30T01:00:00.000Z;0.0
2025-04-30T01:15:00.000Z;0.0
2025-04-30T01:30:00.000Z;0.0
2025-04-30T01:45:00.000Z;0.0
2025-04-30T02:00:00.000Z;0.0
2025-04-30T02:15:00.000Z;0.0
2025-04-30T02:30:00.000Z;3.5
2025-04-30T02:45:00.000Z;7.0
2025-04-30T03:00:00.000Z;10.5
2025-04-30T03:15:00.000Z;40.4
2025-04-30T03:30:00.000Z;59.3
2025-04-30T03:45:00.000Z;78.3
2025-04-30T04:00:00.000Z;97.2
2025-04-30T04:15:00.000Z;123.1
2025-04-30T04:30:00.000Z;145.5
2025-04-30T04:45:00.000Z;168.0
2025-04-30T05:00:00.000Z;190.4
2025-04-30T05:15:00.000Z;217.6
2025-04-30T05:30:00.000Z;238.1
2025-04-30T05:45:00.000Z;258.6
2025-04-30T06:00:00.000Z;279.1
2025-04-30T06:15:00.000Z;292.5
2025-04-30T06:30:00.000Z;311.4
2025-04-30T06:45:00.000Z;330.2
2025-04-30T07:00:00.000Z;349.1
2025-04-30T07:15:00.000Z;377.9
2025-04-30T07:30:00.000Z;392.0
2025-04-30T07:45:00.000Z;406.2
2025-04-30T08:00:00.000Z;420.3
2025-04-30T08:15:00.000Z;422.4
2025-04-30T08:30:00.000Z;430.1
2025-04-30T08:45:00.000Z;437.8
2025-04-30T09:00:00.000Z;445.5
2025-04-30T09:15:00.000Z;454.1
2025-04-30T09:30:00.000Z;458.6
2025-04-30T09:45:00.000Z;463.0
2025-04-30T10:00:00.000Z;467.4
2025-04-30T10:15:00.000Z;469.4
2025-04-30T10:30:00.000Z;469.6
2025-04-30T10:45:00.000Z;469.6
2025-04-30T11:00:00.000Z;469.4
2025-04-30T11:15:00.000Z;469.4
2025-04-30T11:30:00.000Z;469.2
2025-04-30T11:45:00.000Z;469.1
2025-04-30T12:00:00.000Z;468.8
2025-04-30T12:15:00.000Z;444.1
2025-04-30T12:30:00.000Z;431.2
2025-04-30T12:45:00.000Z;418.3
2025-04-30T13:00:00.000Z;405.4
2025-04-30T13:15:00.000Z;390.4
2025-04-30T13:30:00.000Z;374.1
2025-04-30T13:45:00.000Z;357.8
2025-04-30T14:00:00.000Z;341.4
2025-04-30T14:15:00.000Z;322.1
2025-04-30T14:30:00.000Z;303.4
2025-04-30T14:45:00.000Z;284.8
2025-04-30T15:00:00.000Z;266.1
2025-04-30T15:15:00.000Z;246.5
2025-04-30T15:30:00.000Z;226.7
2025-04-30T15:45:00.000Z;206.8
2025-04-30T16:00:00.000Z;186.9
2025-04-30T16:15:00.000Z;167.3
2025-04-30T16:30:00.000Z;145.9
2025-04-30T16:45:00.000Z;124.5
2025-04-30T17:00:00.000Z;103.1
2025-04-30T17:15:00.000Z;70.7
2025-04-30T17:30:00.000Z;53.8
2025-04-30T17:45:00.000Z;36.9
2025-04-30T18:00:00.000Z;20.0
2025-04-30T18:15:00.000Z;0.0
2025-04-30T18:30:00.000Z;0.0
2025-04-30T18:45:00.000Z;0.0
2025-04-30T19:00:00.000Z;0.0
2025-04-30T19:15:00.000Z;0.0
2025-04-30T19:30:00.000Z;0.0
2025-04-30T19:45:00.000Z;0.0
2025-04-30T20:00:00.000Z;0.0
2025-04-30T20:15:00.000Z;0.0
2025-04-30T20:30:00.000Z;0.0
2025-04-30T20:45:00.000Z;0.0
2025-04-30T21:00:00.000Z;0.0
2025-04-30T21:15:00.000Z;0.0
2025-04-30T21:30:00.000Z;0.0
2025-04-30T21:45:00.000Z;0.0
2025-04-30T22:00:00.000Z;0.0
2025-04-30T22:15:00.000Z;0.0
2025-04-30T22:30:00.000Z;0.0
2025-04-30T22:45:00.000Z;0.0
2025-04-30T23:00:00.000Z;0.0
2025-04-30T23:15:00.000Z;0.0
2025-04-30T23:30:00.000Z;0.0
2025-04-30T23:45:00.000Z;0.0
2025-05-01T00:00:00.000Z;0.0
2025-05-01T00:15:00.000Z;0.0
2025-05-01T00:30:00.000Z;0.0
2025-05-01T00:45:00.000Z;0.0
2025-05-01T01:00:00.000Z;0.0
2025-05-01T01:15:00.000Z;0.0
2025-05-01T01:30:00.000Z;0.0
2025-05-01T01:45:00.000Z;0.0
2025-05-01T02:00:00.000Z;0.0
2025-05-01T02:15:00.000Z;0.0
2025-05-01T02:30:00.000Z;4.2
2025-05-01T02:45:00.000Z;8.5
2025-05-01T03:00:00.000Z;12.7
2025-05-01T03:15:00.000Z;55.3
2025-05-01T03:30:00.000Z;82.5
2025-05-01T03:45:00.000Z;109.7
2025-05-01T04:00:00.000Z;136.9
2025-05-01T04:15:00.000Z;174.1
2025-05-01T04:30:00.000Z;207.3
2025-05-01T04:45:00.000Z;240.6
2025-05-01T05:00:00.000Z;273.8
2025-05-01T05:15:00.000Z;315.9
2025-05-01T05:30:00.000Z;346.7
2025-05-01T05:45:00.000Z;377.4
2025-05-01T06:00:00.000Z;408.2
2025-05-01T06:15:00.000Z;430.1
2025-05-01T06:30:00.000Z;456.7
2025-05-01T06:45:00.000Z;483.2
2025-05-01T07:00:00.000Z;509.8
2025-05-01T07:15:00.000Z;538.6
2025-05-01T07:30:00.000Z;562.6
2025-05-01T07:45:00.000Z;586.6
2025-05-01T08:00:00.000Z;610.6
2025-05-01T08:15:00.000Z;634.7
2025-05-01T08:30:00.000Z;653.0
2025-05-01T08:45:00.000Z;671.3
2025-05-01T09:00:00.000Z;689.7
2025-05-01T09:15:00.000Z;705.7
2025-05-01T09:30:00.000Z;716.1
2025-05-01T09:45:00.000Z;726.4
2025-05-01T10:00:00.000Z;736.7
2025-05-01T10:15:00.000Z;740.2
2025-05-01T10:30:00.000Z;749.3
2025-05-01T10:45:00.000Z;749.3
2025-05-01T11:00:00.000Z;740.2
2025-05-01T11:15:00.000Z;736.2
2025-05-01T11:30:00.000Z;726.7
2025-05-01T11:45:00.000Z;717.3
2025-05-01T12:00:00.000Z;707.9
2025-05-01T12:15:00.000Z;694.9
2025-05-01T12:30:00.000Z;678.0
2025-05-01T12:45:00.000Z;661.1
2025-05-01T13:00:00.000Z;644.1
2025-05-01T13:15:00.000Z;626.8
2025-05-01T13:30:00.000Z;600.0
2025-05-01T13:45:00.000Z;573.1
2025-05-01T14:00:00.000Z;546.3
2025-05-01T14:15:00.000Z;506.2
2025-05-01T14:30:00.000Z;471.9
2025-05-01T14:45:00.000Z;437.5
2025-05-01T15:00:00.000Z;403.2
2025-05-01T15:15:00.000Z;363.4
2025-05-01T15:30:00.000Z;329.0
2025-05-01T15:45:00.000Z;294.5
2025-05-01T16:00:00.000Z;260.1
2025-05-01T16:15:00.000Z;226.6
2025-05-01T16:30:00.000Z;194.9
2025-05-01T16:45:00.000Z;163.2
2025-05-01T17:00:00.000Z;131.6
2025-05-01T17:15:00.000Z;91.9
2025-05-01T17:30:00.000Z;69.5
2025-05-01T17:45:00.000Z;47.1
2025-05-01T18:00:00.000Z;24.7
2025-05-01T18:15:00.000Z;0.0
2025-05-01T18:30:00.000Z;0.0
2025-05-01T18:45:00.000Z;0.0
2025-05-01T19:00:00.000Z;0.0
2025-05-01T19:15:00.000Z;0.0
2025-05-01T19:30:00.000Z;0.0
2025-05-01T19:45:00.000Z;0.0
2025-05-01T20:00:00.000Z;0.0
2025-05-01T20:15:00.000Z;0.0
2025-05-01T20:30:00.000Z;0.0
2025-05-01T20:45:00.000Z;0.0
2025-05-01T21:00:00.000Z;0.0
2025-05-01T21:15:00.000Z;0.0
2025-05-01T21:30:00.000Z;0.0
2025-05-01T21:45:00.000Z;0.0
2025-05-01T22:00:00.000Z;0.0
2025-05-01T22:15:00.000Z;0.0
2025-05-01T22:30:00.000Z;0.0
2025-05-01T22:45:00.000Z;0.0
2025-05-01T23:00:00.000Z;0.0
2025-05-01T23:15:00.000Z;0.0
2025-05-01T23:30:00.000Z;0.0
2025-05-01T23:45:00.000Z;0.0
2025-05-02T00:00:00.000Z;0.0
2025-05-02T00:15:00.000Z;0.0
2025-05-02T00:30:00.000Z;0.0
2025-05-02T00:45:00.000Z;0.0
2025-05-02T01:00:00.000Z;0.0
2025-05-02T01:15:00.000Z;0.0
2025-05-02T01:30:00.000Z;0.0
2025-05-02T01:45:00.000Z;0.0
2025-05-02T02:00:00.000Z;0.0
2025-05-02T02:15:00.000Z;0.0
2025-05-02T02:30:00.000Z;0.9
2025-05-02T02:45:00.000Z;1.7
2025-05-02T03:00:00.000Z;2.6
2025-05-02T03:15:00.000Z;30.6
2025-05-02T03:30:00.000Z;47.7
2025-05-02T03:45:00.000Z;64.7
2025-05-02T04:00:00.000Z;81.8
2025-05-02T04:15:00.000Z;99.9
2025-05-02T04:30:00.000Z;125.1
2025-05-02T04:45:00.000Z;150.2
2025-05-02T05:00:00.000Z;175.4
2025-05-02T05:15:00.000Z;216.0
2025-05-02T05:30:00.000Z;243.7
2025-05-02T05:45:00.000Z;271.3
2025-05-02T06:00:00.000Z;299.0
2025-05-02T06:15:00.000Z;322.8
2025-05-02T06:30:00.000Z;346.9
2025-05-02T06:45:00.000Z;370.9
2025-05-02T07:00:00.000Z;395.0
2025-05-02T07:15:00.000Z;422.4
2025-05-02T07:30:00.000Z;440.9
2025-05-02T07:45:00.000Z;459.4
2025-05-02T08:00:00.000Z;477.9
2025-05-02T08:15:00.000Z;482.5
2025-05-02T08:30:00.000Z;498.9
2025-05-02T08:45:00.000Z;515.2
2025-05-02T09:00:00.000Z;531.5
2025-05-02T09:15:00.000Z;566.0
2025-05-02T09:30:00.000Z;595.1
2025-05-02T09:45:00.000Z;595.1
2025-05-02T10:00:00.000Z;566.0
2025-05-02T10:15:00.000Z;513.4
2025-05-02T10:30:00.000Z;509.2
2025-05-02T10:45:00.000Z;506.4
2025-05-02T11:00:00.000Z;502.2
2025-05-02T11:15:00.000Z;502.2
2025-05-02T11:30:00.000Z;492.6
2025-05-02T11:45:00.000Z;483.0
2025-05-02T12:00:00.000Z;473.4
2025-05-02T12:15:00.000Z;467.0
2025-05-02T12:30:00.000Z;442.9
2025-05-02T12:45:00.000Z;418.8
2025-05-02T13:00:00.000Z;394.7
2025-05-02T13:15:00.000Z;340.1
2025-05-02T13:30:00.000Z;310.0
2025-05-02T13:45:00.000Z;280.0
2025-05-02T14:00:00.000Z;249.9
2025-05-02T14:15:00.000Z;222.7
2025-05-02T14:30:00.000Z;201.2
2025-05-02T14:45:00.000Z;179.6
2025-05-02T15:00:00.000Z;158.1
2025-05-02T15:15:00.000Z;146.1
2025-05-02T15:30:00.000Z;130.4
2025-05-02T15:45:00.000Z;114.8
2025-05-02T16:00:00.000Z;99.1
2025-05-02T16:15:00.000Z;84.2
2025-05-02T16:30:00.000Z;71.5
2025-05-02T16:45:00.000Z;58.8
2025-05-02T17:00:00.000Z;46.2
2025-05-02T17:15:00.000Z;33.4
2025-05-02T17:30:00.000Z;25.3
2025-05-02T17:45:00.000Z;17.2
2025-05-02T18:00:00.000Z;9.0
2025-05-02T18:15:00.000Z;0.0
2025-05-02T18:30:00.000Z;0.0
2025-05-02T18:45:00.000Z;0.0
2025-05-02T19:00:00.000Z;0.0
2025-05-02T19:15:00.000Z;0.0
2025-05-02T19:30:00.000Z;0.0
2025-05-02T19:45:00.000Z;0.0
2025-05-02T20:00:00.000Z;0.0
2025-05-02T20:15:00.000Z;0.0
2025-05-02T20:30:00.000Z;0.0
2025-05-02T20:45:00.000Z;0.0
2025-05-02T21:00:00.000Z;0.0
2025-05-02T21:15:00.000Z;0.0
2025-05-02T21:30:00.000Z;0.0
2025-05-02T21:45:00.000Z;0.0
2025-05-02T22:00:00.000Z;0.0
2025-05-02T22:15:00.000Z;0.0
2025-05-02T22:30:00.000Z;0.0
2025-05-02T22:45:00.000Z;0.0
2025-05-02T23:00:00.000Z;0.0
2025-05-02T23:15:00.000Z;0.0
2025-05-02T23:30:00.000Z;0.0
2025-05-02T23:45:00.000Z;0.0
2025-05-03T00:00:00.000Z;0.0
2025-05-03T00:15:00.000Z;0.0
2025-05-03T00:30:00.000Z;0.0
2025-05-03T00:45:00.000Z;0.0
2025-05-03T01:00:00.000Z;0.0
2025-05-03T01:15:00.000Z;0.0
2025-05-03T01:30:00.000Z;0.0
2025-05-03T01:45:00.000Z;0.0
2025-05-03T02:00:00.000Z;0.0
2025-05-03T02:15:00.000Z;0.0
2025-05-03T02:30:00.000Z;0.0
2025-05-03T02:45:00.000Z;0.0
2025-05-03T03:00:00.000Z;0.0
2025-05-03T03:15:00.000Z;35.5
2025-05-03T03:30:00.000Z;57.0
2025-05-03T03:45:00.000Z;78.5
2025-05-03T04:00:00.000Z;100.0
2025-05-03T04:15:00.000Z;124.7
2025-05-03T04:30:00.000Z;156.3
2025-05-03T04:45:00.000Z;187.9
2025-05-03T05:00:00.000Z;219.6
2025-05-03T05:15:00.000Z;267.2
2025-05-03T05:30:00.000Z;303.0
2025-05-03T05:45:00.000Z;338.7
2025-05-03T06:00:00.000Z;374.4
2025-05-03T06:15:00.000Z;408.5
2025-05-03T06:30:00.000Z;441.5
2025-05-03T06:45:00.000Z;474.5
2025-05-03T07:00:00.000Z;507.5
2025-05-03T21:00:00.000Z;0.0
