2025-04-03T07:30:00.000Z;4043.1
2025-04-03T07:45:00.000Z;3996.7
2025-04-03T08:00:00.000Z;3959.4
2025-04-03T08:15:00.000Z;3752.6
2025-04-03T08:30:00.000Z;3688.4
2025-04-03T08:45:00.000Z;3661.8
2025-04-03T09:00:00.000Z;3669.8
2025-04-03T09:15:00.000Z;3217.6
2025-04-03T09:30:00.000Z;3283.2
2025-04-03T09:45:00.000Z;3333.0
2025-04-03T10:00:00.000Z;3372.0
2025-04-03T10:15:00.000Z;3078.0
2025-04-03T10:30:00.000Z;3112.0
2025-04-03T10:45:00.000Z;3133.2
2025-04-03T11:00:00.000Z;3146.6
2025-04-03T11:15:00.000Z;2922.1
2025-04-03T11:30:00.000Z;2919.7
2025-04-03T11:45:00.000Z;2921.7
2025-04-03T12:00:00.000Z;2929.2
2025-04-03T12:15:00.000Z;3077.7
2025-04-03T12:30:00.000Z;3075.0
2025-04-03T12:45:00.000Z;3090.0
2025-04-03T13:00:00.000Z;3123.1
2025-04-03T13:15:00.000Z;3281.8
2025-04-03T13:30:00.000Z;3330.9
2025-04-03T13:45:00.000Z;3374.0
2025-04-03T14:00:00.000Z;3419.8
2025-04-03T14:15:00.000Z;3691.9
2025-04-03T14:30:00.000Z;3809.8
2025-04-03T14:45:00.000Z;3844.7
2025-04-03T15:00:00.000Z;3806.4
2025-04-03T15:15:00.000Z;3750.0
2025-04-03T15:30:00.000Z;3778.3
2025-04-03T15:45:00.000Z;3805.1
2025-04-03T16:00:00.000Z;3832.6
2025-04-03T16:15:00.000Z;4079.3
2025-04-03T16:30:00.000Z;4083.0
2025-04-03T16:45:00.000Z;4086.6
2025-04-03T17:00:00.000Z;4090.6
2025-04-03T17:15:00.000Z;4086.5
2025-04-03T17:30:00.000Z;4086.2
2025-04-03T17:45:00.000Z;4091.8
2025-04-03T18:00:00.000Z;4103.5
2025-04-03T18:15:00.000Z;4123.5
2025-04-03T18:30:00.000Z;4126.7
2025-04-03T18:45:00.000Z;4128.9
2025-04-03T19:00:00.000Z;4131.6
2025-04-03T19:15:00.000Z;3944.9
2025-04-03T19:30:00.000Z;3947.6
2025-04-03T19:45:00.000Z;3950.5
2025-04-03T20:00:00.000Z;3954.1
2025-04-03T20:15:00.000Z;3953.3
2025-04-03T20:30:00.000Z;3954.5
2025-04-03T20:45:00.000Z;3954.9
2025-04-03T21:00:00.000Z;3955.4
2025-04-03T21:15:00.000Z;4306.8
2025-04-03T21:30:00.000Z;4308.1
2025-04-03T21:45:00.000Z;4308.6
2025-04-03T22:00:00.000Z;4308.7
2025-04-03T22:15:00.000Z;7031.3
2025-04-03T22:30:00.000Z;7040.2
2025-04-03T22:45:00.000Z;7040.3
2025-04-03T23:00:00.000Z;7034.8
2025-04-03T23:15:00.000Z;7011.3
2025-04-03T23:30:00.000Z;7004.9
2025-04-03T23:45:00.000Z;7000.9
2025-04-04T00:00:00.000Z;6998.9
2025-04-04T00:15:00.000Z;6994.4
2025-04-04T00:30:00.000Z;6989.2
2025-04-04T00:45:00.000Z;6983.8
2025-04-04T01:00:00.000Z;6979.8
2025-04-04T01:15:00.000Z;6976.8
2025-04-04T01:30:00.000Z;6972.7
2025-04-04T01:45:00.000Z;6968.5
2025-04-04T02:00:00.000Z;6964.1
2025-04-04T02:15:00.000Z;6953.2
2025-04-04T02:30:00.000Z;6944.9
2025-04-04T02:45:00.000Z;6937.0
2025-04-04T03:00:00.000Z;6929.1
2025-04-04T03:15:00.000Z;6921.6
2025-04-04T03:30:00.000Z;6911.9
2025-04-04T03:45:00.000Z;6901.3
2025-04-04T04:00:00.000Z;6888.5
2025-04-04T04:15:00.000Z;6871.4
2025-04-04T04:30:00.000Z;6843.5
2025-04-04T04:45:00.000Z;6814.5
2025-04-04T05:00:00.000Z;6784.2
2025-04-04T05:15:00.000Z;6691.3
2025-04-04T05:30:00.000Z;6647.7
2025-04-04T05:45:00.000Z;6610.5
2025-04-04T06:00:00.000Z;6578.5
2025-04-04T06:15:00.000Z;6525.0
2025-04-04T06:30:00.000Z;6503.4
2025-04-04T06:45:00.000Z;6499.5
2025-04-04T07:00:00.000Z;6512.6
2025-04-04T07:15:00.000Z;6572.4
2025-04-04T07:30:00.000Z;6568.4
2025-04-04T07:45:00.000Z;6556.1
2025-04-04T08:00:00.000Z;6536.2
2025-04-04T08:15:00.000Z;6495.9
2025-04-04T08:30:00.000Z;6460.9
2025-04-04T08:45:00.000Z;6425.1
2025-04-04T09:00:00.000Z;6383.1
2025-04-04T09:15:00.000Z;6278.0
2025-04-04T09:30:00.000Z;6215.6
2025-04-04T09:45:00.000Z;6154.0
2025-04-04T10:00:00.000Z;6091.7
2025-04-04T10:15:00.000Z;6005.2
2025-04-04T10:30:00.000Z;5958.6
2025-04-04T10:45:00.000Z;5917.5
2025-04-04T11:00:00.000Z;5879.1
2025-04-04T11:15:00.000Z;5837.8
2025-04-04T11:30:00.000Z;5794.9
2025-04-04T11:45:00.000Z;5752.5
2025-04-04T12:00:00.000Z;5710.7
2025-04-04T12:15:00.000Z;5683.9
2025-04-04T12:30:00.000Z;5610.5
2025-04-04T12:45:00.000Z;5534.1
2025-04-04T13:00:00.000Z;5455.0
2025-04-04T13:15:00.000Z;5332.6
2025-04-04T13:30:00.000Z;5187.8
2025-04-04T13:45:00.000Z;5040.8
2025-04-04T14:00:00.000Z;4889.3
2025-04-04T14:15:00.000Z;4632.4
2025-04-04T14:30:00.000Z;4447.5
2025-04-04T14:45:00.000Z;4263.0
2025-04-04T15:00:00.000Z;4078.0
2025-04-04T15:15:00.000Z;3828.1
2025-04-04T15:30:00.000Z;3689.5
2025-04-04T15:45:00.000Z;3559.5
2025-04-04T16:00:00.000Z;3427.3
2025-04-04T16:15:00.000Z;3319.6
2025-04-04T16:30:00.000Z;3245.4
2025-04-04T16:45:00.000Z;3191.9
2025-04-04T17:00:00.000Z;3156.3
2025-04-04T17:15:00.000Z;3148.7
2025-04-04T17:30:00.000Z;3128.7
2025-04-04T17:45:00.000Z;3116.1
2025-04-04T18:00:00.000Z;3109.1
2025-04-04T18:15:00.000Z;3150.0
2025-04-04T18:30:00.000Z;3156.4
2025-04-04T18:45:00.000Z;3163.3
2025-04-04T19:00:00.000Z;3174.5
2025-04-04T19:15:00.000Z;3189.0
2025-04-04T19:30:00.000Z;3212.6
2025-04-04T19:45:00.000Z;3238.1
2025-04-04T20:00:00.000Z;3267.2
2025-04-04T20:15:00.000Z;3315.7
2025-04-04T20:30:00.000Z;3347.9
2025-04-04T20:45:00.000Z;3384.5
2025-04-04T21:00:00.000Z;3432.4
2025-04-04T21:15:00.000Z;3528.7
2025-04-04T21:30:00.000Z;3567.1
2025-04-04T21:45:00.000Z;3592.7
2025-04-04T22:00:00.000Z;3611.9
2025-04-04T22:15:00.000Z;3646.1
2025-04-04T22:30:00.000Z;3663.8
2025-04-04T22:45:00.000Z;3679.3
2025-04-04T23:00:00.000Z;3692.6
2025-04-04T23:15:00.000Z;3707.1
2025-04-04T23:30:00.000Z;3711.2
2025-04-04T23:45:00.000Z;3710.7
2025-04-05T00:00:00.000Z;3706.0
2025-04-05T00:15:00.000Z;3692.8
2025-04-05T00:30:00.000Z;3679.8
2025-04-05T00:45:00.000Z;3669.6
2025-04-05T01:00:00.000Z;3661.4
2025-04-05T01:15:00.000Z;3649.1
2025-04-05T01:30:00.000Z;3633.6
2025-04-05T01:45:00.000Z;3619.0
2025-04-05T02:00:00.000Z;3604.4
2025-04-05T02:15:00.000Z;3587.4
2025-04-05T02:30:00.000Z;3565.4
2025-04-05T02:45:00.000Z;3541.4
2025-04-05T03:00:00.000Z;3513.9
2025-04-05T03:15:00.000Z;3477.3
2025-04-05T03:30:00.000Z;3419.3
2025-04-05T03:45:00.000Z;3358.2
2025-04-05T04:00:00.000Z;3294.4
2025-04-05T04:15:00.000Z;3175.6
2025-04-05T04:30:00.000Z;3081.4
2025-04-05T04:45:00.000Z;2981.2
2025-04-05T05:00:00.000Z;2873.9
2025-04-05T05:15:00.000Z;2658.1
2025-04-05T05:30:00.000Z;2559.2
2025-04-05T05:45:00.000Z;2473.5
2025-04-05T06:00:00.000Z;2393.8
2025-04-05T06:15:00.000Z;2323.4
2025-04-05T06:30:00.000Z;2309.1
2025-04-05T06:45:00.000Z;2304.5
2025-04-05T07:00:00.000Z;2303.2
2025-04-05T07:15:00.000Z;2434.3
2025-04-05T07:30:00.000Z;2485.3
2025-04-05T07:45:00.000Z;2535.3
2025-04-05T08:00:00.000Z;2587.9
2025-04-05T08:15:00.000Z;2680.5
2025-04-05T08:30:00.000Z;2714.4
2025-04-05T08:45:00.000Z;2741.5
2025-04-05T09:00:00.000Z;2767.4
2025-04-05T09:15:00.000Z;2784.7
2025-04-05T09:30:00.000Z;2810.5
2025-04-05T09:45:00.000Z;2819.4
2025-04-05T10:00:00.000Z;2810.6
2025-04-05T10:15:00.000Z;2775.8
2025-04-05T10:30:00.000Z;2768.2
2025-04-05T10:45:00.000Z;2758.8
2025-04-05T11:00:00.000Z;2747.3
2025-04-05T11:15:00.000Z;2733.2
2025-04-05T11:30:00.000Z;2718.5
2025-04-05T11:45:00.000Z;2704.5
2025-04-05T12:00:00.000Z;2687.2
2025-04-05T12:15:00.000Z;2664.6
2025-04-05T12:30:00.000Z;2639.3
2025-04-05T12:45:00.000Z;2611.6
2025-04-05T13:00:00.000Z;2580.3
2025-04-05T13:15:00.000Z;2551.2
2025-04-05T13:30:00.000Z;2510.0
2025-04-05T13:45:00.000Z;2468.3
2025-04-05T14:00:00.000Z;2424.1
2025-04-05T14:15:00.000Z;2368.3
2025-04-05T14:30:00.000Z;2304.9
2025-04-05T14:45:00.000Z;2235.6
2025-04-05T15:00:00.000Z;2161.0
2025-04-05T15:15:00.000Z;2028.5
2025-04-05T15:30:00.000Z;1954.7
2025-04-05T15:45:00.000Z;1884.0
2025-04-05T16:00:00.000Z;1814.5
2025-04-05T16:15:00.000Z;1738.3
2025-04-05T16:30:00.000Z;1693.6
2025-04-05T16:45:00.000Z;1660.6
2025-04-05T17:00:00.000Z;1629.2
2025-04-05T17:15:00.000Z;1656.2
2025-04-05T17:30:00.000Z;1644.5
2025-04-05T17:45:00.000Z;1632.8
2025-04-05T18:00:00.000Z;1620.3
2025-04-05T18:15:00.000Z;1608.2
2025-04-05T18:30:00.000Z;1591.3
2025-04-05T18:45:00.000Z;1573.0
2025-04-05T19:00:00.000Z;1553.0
2025-04-05T19:15:00.000Z;1510.0
2025-04-05T19:30:00.000Z;1500.2
2025-04-05T19:45:00.000Z;1485.2
2025-04-05T20:00:00.000Z;1464.4
2025-04-05T20:15:00.000Z;1438.1
2025-04-05T20:30:00.000Z;1454.2
2025-04-05T20:45:00.000Z;1470.2
2025-04-05T21:00:00.000Z;1490.0
2025-04-05T21:15:00.000Z;1544.8
2025-04-05T21:30:00.000Z;1614.2
2025-04-05T21:45:00.000Z;1687.7
2025-04-05T22:00:00.000Z;1765.0
2025-04-05T22:15:00.000Z;1916.1
2025-04-05T22:30:00.000Z;1985.1
2025-04-05T22:45:00.000Z;2055.7
2025-04-05T23:00:00.000Z;2133.2
2025-04-05T23:15:00.000Z;2218.7
2025-04-05T23:30:00.000Z;2268.2
2025-04-05T23:45:00.000Z;2301.3
2025-04-06T00:00:00.000Z;2329.2
2025-04-06T00:15:00.000Z;2400.0
2025-04-06T00:30:00.000Z;2423.9
2025-04-06T00:45:00.000Z;2433.6
2025-04-06T01:00:00.000Z;2430.6
2025-04-06T01:15:00.000Z;2434.8
2025-04-06T01:30:00.000Z;2428.7
2025-04-06T01:45:00.000Z;2424.2
2025-04-06T02:00:00.000Z;2419.9
2025-04-06T02:15:00.000Z;2423.2
2025-04-06T02:30:00.000Z;2415.7
2025-04-06T02:45:00.000Z;2396.1
2025-04-06T03:00:00.000Z;2369.0
2025-04-06T03:15:00.000Z;2323.2
2025-04-06T03:30:00.000Z;2291.9
2025-04-06T03:45:00.000Z;2260.5
2025-04-06T04:00:00.000Z;2225.4
2025-04-06T04:15:00.000Z;2170.4
2025-04-06T04:30:00.000Z;2152.9
2025-04-06T04:45:00.000Z;2135.4
2025-04-06T05:00:00.000Z;2117.9
2025-04-06T05:15:00.000Z;1205.7
2025-04-06T05:30:00.000Z;1184.9
2025-04-06T05:45:00.000Z;1164.2
2025-04-06T06:00:00.000Z;1143.4
2025-04-06T06:15:00.000Z;1041.0
2025-04-06T06:30:00.000Z;1017.0
2025-04-06T06:45:00.000Z;993.0
2025-04-06T07:00:00.000Z;969.0
2025-04-06T07:15:00.000Z;790.4
2025-04-06T07:30:00.000Z;779.1
2025-04-06T07:45:00.000Z;767.7
2025-04-06T08:00:00.000Z;756.4
2025-04-06T08:15:00.000Z;588.0
2025-04-06T08:30:00.000Z;597.9
2025-04-06T08:45:00.000Z;607.9
2025-04-06T09:00:00.000Z;617.8
2025-04-06T09:15:00.000Z;462.5
2025-04-06T09:30:00.000Z;472.5
2025-04-06T09:45:00.000Z;482.5
2025-04-06T10:00:00.000Z;492.5
2025-04-06T10:15:00.000Z;482.6
2025-04-06T10:30:00.000Z;492.8
2025-04-06T10:45:00.000Z;503.0
2025-04-06T11:00:00.000Z;513.2
2025-04-06T11:15:00.000Z;578.3
2025-04-06T11:30:00.000Z;581.5
2025-04-06T11:45:00.000Z;584.7
2025-04-06T12:00:00.000Z;587.9
2025-04-06T12:15:00.000Z;633.7
2025-04-06T12:30:00.000Z;637.5
2025-04-06T12:45:00.000Z;641.3
2025-04-06T13:00:00.000Z;645.0
2025-04-06T13:15:00.000Z;682.1
2025-04-06T13:30:00.000Z;683.2
2025-04-06T13:45:00.000Z;684.2
2025-04-06T14:00:00.000Z;685.2
2025-04-06T14:15:00.000Z;665.8
2025-04-06T14:30:00.000Z;677.8
2025-04-06T14:45:00.000Z;689.1
2025-04-06T15:00:00.000Z;701.1
2025-04-06T15:15:00.000Z;710.7
2025-04-06T15:30:00.000Z;764.2
2025-04-06T15:45:00.000Z;817.4
2025-04-06T16:00:00.000Z;870.9
2025-04-06T16:15:00.000Z;1138.9
2025-04-06T16:30:00.000Z;1213.4
2025-04-06T16:45:00.000Z;1287.9
2025-04-06T17:00:00.000Z;1362.5
2025-04-06T17:15:00.000Z;1738.6
2025-04-06T17:30:00.000Z;1800.5
2025-04-06T17:45:00.000Z;1862.4
2025-04-06T18:00:00.000Z;1924.2
2025-04-06T18:15:00.000Z;2075.2
2025-04-06T18:30:00.000Z;2123.7
2025-04-06T18:45:00.000Z;2172.2
2025-04-06T19:00:00.000Z;2220.6
2025-04-06T19:15:00.000Z;2433.7
2025-04-06T19:30:00.000Z;2452.0
2025-04-06T19:45:00.000Z;2470.3
2025-04-06T20:00:00.000Z;2488.6
2025-04-06T20:15:00.000Z;2612.7
2025-04-06T20:30:00.000Z;2619.6
2025-04-06T20:45:00.000Z;2626.3
2025-04-06T21:00:00.000Z;2633.2
2025-04-06T21:15:00.000Z;2684.0
2025-04-06T21:30:00.000Z;2646.8
2025-04-06T21:45:00.000Z;2609.7
2025-04-06T22:00:00.000Z;2572.5
2025-04-06T22:15:00.000Z;2644.1
2025-04-06T22:30:00.000Z;2616.8
2025-04-06T22:45:00.000Z;2589.4
2025-04-06T23:00:00.000Z;2562.1
2025-04-06T23:15:00.000Z;2487.6
2025-04-06T23:30:00.000Z;2474.8
2025-04-06T23:45:00.000Z;2461.9
2025-04-07T00:00:00.000Z;2449.0
2025-04-07T00:15:00.000Z;2394.3
2025-04-07T00:30:00.000Z;2399.1
2025-04-07T00:45:00.000Z;2404.0
2025-04-07T01:00:00.000Z;2408.8
2025-04-07T01:15:00.000Z;2494.0
2025-04-07T01:30:00.000Z;2500.4
2025-04-07T01:45:00.000Z;2506.7
2025-04-07T02:00:00.000Z;2513.1
2025-04-07T02:15:00.000Z;2548.6
2025-04-07T02:30:00.000Z;2539.9
2025-04-07T02:45:00.000Z;2531.3
2025-04-07T03:00:00.000Z;2522.7
2025-04-07T03:15:00.000Z;2440.2
2025-04-07T03:30:00.000Z;2420.6
2025-04-07T03:45:00.000Z;2401.1
2025-04-07T04:00:00.000Z;2381.5
2025-04-07T04:15:00.000Z;2214.4
2025-04-07T04:30:00.000Z;2167.2
2025-04-07T04:45:00.000Z;2120.2
2025-04-07T05:00:00.000Z;2073.0
2025-04-07T05:15:00.000Z;1933.3
2025-04-07T05:30:00.000Z;1869.9
2025-04-07T05:45:00.000Z;1806.4
2025-04-07T06:00:00.000Z;1743.0
2025-04-07T06:15:00.000Z;1406.9
2025-04-07T06:30:00.000Z;1390.2
2025-04-07T06:45:00.000Z;1373.5
2025-04-07T07:00:00.000Z;1356.9
2025-04-07T07:15:00.000Z;949.9
2025-04-07T07:30:00.000Z;990.2
2025-04-07T07:45:00.000Z;1030.4
2025-04-07T08:00:00.000Z;1070.6
2025-04-07T08:15:00.000Z;1195.9
2025-04-07T08:30:00.000Z;1241.8
2025-04-07T08:45:00.000Z;1287.7
2025-04-07T09:00:00.000Z;1333.6
2025-04-07T09:15:00.000Z;1418.0
2025-04-07T09:30:00.000Z;1455.6
2025-04-07T09:45:00.000Z;1493.3
2025-04-07T10:00:00.000Z;1530.9
2025-04-07T10:15:00.000Z;2093.0
2025-04-07T10:30:00.000Z;2103.3
2025-04-07T10:45:00.000Z;2113.6
2025-04-07T11:00:00.000Z;2124.0
2025-04-07T11:15:00.000Z;2326.2
2025-04-07T11:30:00.000Z;2314.4
2025-04-07T11:45:00.000Z;2302.7
2025-04-07T12:00:00.000Z;2290.9
2025-04-07T12:15:00.000Z;2354.5
2025-04-07T12:30:00.000Z;2339.5
2025-04-07T12:45:00.000Z;2324.6
2025-04-07T13:00:00.000Z;2309.6
2025-04-07T13:15:00.000Z;2245.0
2025-04-07T13:30:00.000Z;2231.9
2025-04-07T13:45:00.000Z;2218.8
2025-04-07T14:00:00.000Z;2205.8
2025-04-07T14:15:00.000Z;2214.5
2025-04-07T14:30:00.000Z;2196.5
2025-04-07T14:45:00.000Z;2178.4
2025-04-07T15:00:00.000Z;2160.3
2025-04-07T15:15:00.000Z;2302.0
2025-04-07T15:30:00.000Z;2299.5
2025-04-07T15:45:00.000Z;2297.0
2025-04-07T16:00:00.000Z;2294.6
2025-04-07T16:15:00.000Z;2314.1
2025-04-07T16:30:00.000Z;2328.6
2025-04-07T16:45:00.000Z;2343.1
2025-04-07T17:00:00.000Z;2357.6
2025-04-07T17:15:00.000Z;2460.0
2025-04-07T17:30:00.000Z;2450.1
2025-04-07T17:45:00.000Z;2440.6
2025-04-07T18:00:00.000Z;2430.6
2025-04-07T18:15:00.000Z;2294.5
2025-04-07T18:30:00.000Z;2250.8
2025-04-07T18:45:00.000Z;2207.1
2025-04-07T19:00:00.000Z;2163.4
2025-04-07T19:15:00.000Z;1788.2
2025-04-07T19:30:00.000Z;1738.8
2025-04-07T19:45:00.000Z;1689.3
2025-04-07T20:00:00.000Z;1639.9
2025-04-07T20:15:00.000Z;1391.8
2025-04-07T20:30:00.000Z;1350.8
2025-04-07T20:45:00.000Z;1309.8
2025-04-07T21:00:00.000Z;1268.8
2025-04-07T21:15:00.000Z;1140.0
2025-04-07T21:30:00.000Z;1117.5
2025-04-07T21:45:00.000Z;1095.0
2025-04-07T22:00:00.000Z;1072.5
2025-04-07T22:15:00.000Z;1005.3
2025-04-07T22:30:00.000Z;1011.4
2025-04-07T22:45:00.000Z;1017.4
2025-04-07T23:00:00.000Z;1023.5
2025-04-07T23:15:00.000Z;1094.4
2025-04-07T23:30:00.000Z;1124.8
2025-04-07T23:45:00.000Z;1155.2
2025-04-08T00:00:00.000Z;1185.5
2025-04-08T00:15:00.000Z;1266.2
2025-04-08T00:30:00.000Z;1304.2
2025-04-08T00:45:00.000Z;1342.3
2025-04-08T01:00:00.000Z;1380.3
2025-04-08T01:15:00.000Z;1520.1
2025-04-08T01:30:00.000Z;1549.7
2025-04-08T01:45:00.000Z;1579.2
2025-04-08T02:00:00.000Z;1608.7
2025-04-08T02:15:00.000Z;1670.1
2025-04-08T02:30:00.000Z;1689.6
2025-04-08T02:45:00.000Z;1709.1
2025-04-08T03:00:00.000Z;1728.6
2025-04-08T03:15:00.000Z;1883.5
2025-04-08T03:30:00.000Z;1907.9
2025-04-08T03:45:00.000Z;1932.4
2025-04-08T04:00:00.000Z;1956.8
2025-04-08T04:15:00.000Z;2329.6
2025-04-08T04:30:00.000Z;2322.8
2025-04-08T04:45:00.000Z;2316.1
2025-04-08T05:00:00.000Z;2309.3
2025-04-08T05:15:00.000Z;2554.7
2025-04-08T05:30:00.000Z;2480.6
2025-04-08T05:45:00.000Z;2406.5
2025-04-08T06:00:00.000Z;2332.3
2025-04-08T06:15:00.000Z;1984.4
2025-04-08T06:30:00.000Z;1932.5
2025-04-08T06:45:00.000Z;1880.6
2025-04-08T07:00:00.000Z;1828.8
2025-04-08T07:15:00.000Z;1546.4
2025-04-08T07:30:00.000Z;1550.5
2025-04-08T07:45:00.000Z;1554.6
2025-04-08T08:00:00.000Z;1558.8
2025-04-08T08:15:00.000Z;1703.5
2025-04-08T08:30:00.000Z;1714.8
2025-04-08T08:45:00.000Z;1726.1
2025-04-08T09:00:00.000Z;1737.4
2025-04-08T09:15:00.000Z;1745.5
2025-04-08T09:30:00.000Z;1765.9
2025-04-08T09:45:00.000Z;1786.2
2025-04-08T10:00:00.000Z;1806.6
2025-04-08T10:15:00.000Z;1835.7
2025-04-08T10:30:00.000Z;1858.4
2025-04-08T10:45:00.000Z;1880.9
2025-04-08T11:00:00.000Z;1903.6
2025-04-08T11:15:00.000Z;1985.0
2025-04-08T11:30:00.000Z;2009.9
2025-04-08T11:45:00.000Z;2034.7
2025-04-08T12:00:00.000Z;2059.6
2025-04-08T12:15:00.000Z;2227.0
2025-04-08T12:30:00.000Z;2247.5
2025-04-08T12:45:00.000Z;2268.0
2025-04-08T13:00:00.000Z;2288.5
2025-04-08T13:15:00.000Z;2448.4
2025-04-08T13:30:00.000Z;2453.5
2025-04-08T13:45:00.000Z;2458.2
2025-04-08T14:00:00.000Z;2463.3
2025-04-08T14:15:00.000Z;2483.8
2025-04-08T14:30:00.000Z;2520.8
2025-04-08T14:45:00.000Z;2557.5
2025-04-08T15:00:00.000Z;2594.6
2025-04-08T15:15:00.000Z;2699.3
2025-04-08T15:30:00.000Z;2778.4
2025-04-08T15:45:00.000Z;2857.4
2025-04-08T16:00:00.000Z;2936.5
2025-04-08T16:15:00.000Z;3430.9
2025-04-08T16:30:00.000Z;3506.9
2025-04-08T16:45:00.000Z;3582.9
2025-04-08T17:00:00.000Z;3658.9
2025-04-08T17:15:00.000Z;3897.7
2025-04-08T17:30:00.000Z;3917.7
2025-04-08T17:45:00.000Z;3937.7
2025-04-08T18:00:00.000Z;3957.7
2025-04-08T18:15:00.000Z;3877.4
2025-04-08T18:30:00.000Z;3888.5
2025-04-08T18:45:00.000Z;3899.8
2025-04-08T19:00:00.000Z;3910.8
2025-04-08T19:15:00.000Z;4171.1
2025-04-08T19:30:00.000Z;4052.9
2025-04-08T19:45:00.000Z;3934.4
2025-04-08T20:00:00.000Z;3816.2
2025-04-08T20:15:00.000Z;3065.5
2025-04-08T20:30:00.000Z;3066.6
2025-04-08T20:45:00.000Z;3067.6
2025-04-08T21:00:00.000Z;3068.8
2025-04-08T21:15:00.000Z;3218.0
2025-04-08T21:30:00.000Z;3255.9
2025-04-08T21:45:00.000Z;3293.8
2025-04-08T22:00:00.000Z;3331.7
2025-04-08T22:15:00.000Z;3739.9
2025-04-08T22:30:00.000Z;3782.4
2025-04-08T22:45:00.000Z;3824.9
2025-04-08T23:00:00.000Z;3867.4
2025-04-08T23:15:00.000Z;4151.1
2025-04-08T23:30:00.000Z;4196.9
2025-04-08T23:45:00.000Z;4242.6
2025-04-09T00:00:00.000Z;4288.3
2025-04-09T00:15:00.000Z;5047.1
2025-04-09T00:30:00.000Z;5085.2
2025-04-09T00:45:00.000Z;5123.4
2025-04-09T01:00:00.000Z;5161.5
2025-04-09T01:15:00.000Z;5307.4
2025-04-09T01:30:00.000Z;5338.0
2025-04-09T01:45:00.000Z;5368.5
2025-04-09T02:00:00.000Z;5399.1
2025-04-09T02:15:00.000Z;5611.4
2025-04-09T02:30:00.000Z;5625.2
2025-04-09T02:45:00.000Z;5639.1
2025-04-09T03:00:00.000Z;5652.9
2025-04-09T03:15:00.000Z;5868.0
2025-04-09T03:30:00.000Z;5771.7
2025-04-09T03:45:00.000Z;5675.4
2025-04-09T04:00:00.000Z;5579.1
2025-04-09T04:15:00.000Z;4964.9
2025-04-09T04:30:00.000Z;4965.8
2025-04-09T04:45:00.000Z;4966.7
2025-04-09T05:00:00.000Z;4967.6
2025-04-09T05:15:00.000Z;6100.9
2025-04-09T05:30:00.000Z;6109.6
2025-04-09T05:45:00.000Z;6118.4
2025-04-09T06:00:00.000Z;6127.1
2025-04-09T06:15:00.000Z;6203.4
2025-04-09T06:30:00.000Z;6217.2
2025-04-09T06:45:00.000Z;6231.1
2025-04-09T07:00:00.000Z;6245.0
2025-04-09T07:15:00.000Z;6421.8
2025-04-09T07:30:00.000Z;6431.7
2025-04-09T07:45:00.000Z;6441.7
2025-04-09T08:00:00.000Z;6451.6
2025-04-09T08:15:00.000Z;6464.7
2025-04-09T08:30:00.000Z;6475.1
2025-04-09T08:45:00.000Z;6485.4
2025-04-09T09:00:00.000Z;6495.8
2025-04-09T09:15:00.000Z;6690.7
2025-04-09T09:30:00.000Z;6668.7
2025-04-09T09:45:00.000Z;6646.7
2025-04-09T10:00:00.000Z;6624.6
2025-04-09T10:15:00.000Z;6839.3
2025-04-09T10:30:00.000Z;6664.3
2025-04-09T10:45:00.000Z;6489.4
2025-04-09T11:00:00.000Z;6314.4
2025-04-09T11:15:00.000Z;5263.0
2025-04-09T11:30:00.000Z;5272.2
2025-04-09T11:45:00.000Z;5281.4
2025-04-09T12:00:00.000Z;5290.5
2025-04-09T12:15:00.000Z;6070.2
2025-04-09T12:30:00.000Z;6066.0
2025-04-09T12:45:00.000Z;6061.8
2025-04-09T13:00:00.000Z;6057.6
2025-04-09T13:15:00.000Z;6676.3
2025-04-09T13:30:00.000Z;6668.5
2025-04-09T13:45:00.000Z;6660.9
2025-04-09T14:00:00.000Z;6653.1
2025-04-09T14:15:00.000Z;6610.7
2025-04-09T14:30:00.000Z;6594.9
2025-04-09T14:45:00.000Z;6579.0
2025-04-09T15:00:00.000Z;6563.2
2025-04-09T15:15:00.000Z;6587.3
2025-04-09T15:30:00.000Z;6562.4
2025-04-09T15:45:00.000Z;6537.5
2025-04-09T16:00:00.000Z;6512.5
2025-04-09T16:15:00.000Z;6406.7
2025-04-09T16:30:00.000Z;6374.1
2025-04-09T16:45:00.000Z;6341.6
2025-04-09T17:00:00.000Z;6309.0
2025-04-09T17:15:00.000Z;6129.3
2025-04-09T17:30:00.000Z;6118.4
2025-04-09T17:45:00.000Z;6107.5
2025-04-09T18:00:00.000Z;6096.6
2025-04-09T18:15:00.000Z;6034.7
2025-04-09T18:30:00.000Z;6029.3
2025-04-09T18:45:00.000Z;6024.1
2025-04-09T19:00:00.000Z;6018.7
2025-04-09T19:15:00.000Z;6039.0
2025-04-09T19:30:00.000Z;6024.0
2025-04-09T19:45:00.000Z;6009.0
2025-04-09T20:00:00.000Z;5994.1
2025-04-09T20:15:00.000Z;5935.1
2025-04-09T20:30:00.000Z;5913.7
2025-04-09T20:45:00.000Z;5892.4
2025-04-09T21:00:00.000Z;5871.0
2025-04-09T21:15:00.000Z;5548.4
2025-04-09T21:30:00.000Z;5514.7
2025-04-09T21:45:00.000Z;5481.1
2025-04-09T22:00:00.000Z;5447.4
2025-04-09T22:15:00.000Z;5593.2
2025-04-09T22:30:00.000Z;5553.7
2025-04-09T22:45:00.000Z;5514.3
2025-04-09T23:00:00.000Z;5474.9
2025-04-09T23:15:00.000Z;5274.8
2025-04-09T23:30:00.000Z;5224.5
2025-04-09T23:45:00.000Z;5174.5
2025-04-10T00:00:00.000Z;5124.2
2025-04-10T00:15:00.000Z;4823.8
2025-04-10T00:30:00.000Z;4743.6
2025-04-10T00:45:00.000Z;4663.6
2025-04-10T01:00:00.000Z;4583.5
2025-04-10T01:15:00.000Z;4249.2
2025-04-10T01:30:00.000Z;4140.1
2025-04-10T01:45:00.000Z;4031.0
2025-04-10T02:00:00.000Z;3921.8
2025-04-10T02:15:00.000Z;3521.8
2025-04-10T02:30:00.000Z;3399.7
2025-04-10T02:45:00.000Z;3277.7
2025-04-10T03:00:00.000Z;3155.6
2025-04-10T03:15:00.000Z;2479.2
2025-04-10T03:30:00.000Z;2367.1
2025-04-10T03:45:00.000Z;2255.0
2025-04-10T04:00:00.000Z;2142.9
2025-04-10T04:15:00.000Z;1518.3
2025-04-10T04:30:00.000Z;1440.5
2025-04-10T04:45:00.000Z;1362.7
2025-04-10T05:00:00.000Z;1284.9
2025-04-10T05:15:00.000Z;777.6
2025-04-10T05:30:00.000Z;747.0
2025-04-10T05:45:00.000Z;716.4
2025-04-10T06:00:00.000Z;685.7
2025-04-10T06:15:00.000Z;427.6
2025-04-10T06:30:00.000Z;422.5
2025-04-10T06:45:00.000Z;417.4
2025-04-10T07:00:00.000Z;412.3
2025-04-10T07:15:00.000Z;278.3
2025-04-10T07:30:00.000Z;287.5
2025-04-10T07:45:00.000Z;296.7
2025-04-10T08:00:00.000Z;305.9
2025-04-10T08:15:00.000Z;301.5
2025-04-10T08:30:00.000Z;336.1
2025-04-10T08:45:00.000Z;370.4
2025-04-10T09:00:00.000Z;405.0
2025-04-10T09:15:00.000Z;731.2
2025-04-10T09:30:00.000Z;832.5
2025-04-10T09:45:00.000Z;933.8
2025-04-10T10:00:00.000Z;1035.2
2025-04-10T10:15:00.000Z;1593.6
2025-04-10T10:30:00.000Z;1690.7
2025-04-10T10:45:00.000Z;1787.7
2025-04-10T11:00:00.000Z;1884.9
2025-04-10T11:15:00.000Z;2371.1
2025-04-10T11:30:00.000Z;2444.3
2025-04-10T11:45:00.000Z;2516.8
2025-04-10T12:00:00.000Z;2590.0
2025-04-10T12:15:00.000Z;2809.8
2025-04-10T12:30:00.000Z;2891.7
2025-04-10T12:45:00.000Z;2973.3
2025-04-10T13:00:00.000Z;3055.2
2025-04-10T13:15:00.000Z;3324.9
2025-04-10T13:30:00.000Z;3397.6
2025-04-10T13:45:00.000Z;3470.4
2025-04-10T14:00:00.000Z;3543.2
2025-04-10T14:15:00.000Z;3912.1
2025-04-10T14:30:00.000Z;3944.6
2025-04-10T14:45:00.000Z;3976.9
2025-04-10T15:00:00.000Z;4009.4
2025-04-10T15:15:00.000Z;4147.8
2025-04-10T15:30:00.000Z;4182.4
2025-04-10T15:45:00.000Z;4216.7
2025-04-10T16:00:00.000Z;4251.3
2025-04-10T16:15:00.000Z;4457.6
2025-04-10T16:30:00.000Z;4497.7
2025-04-10T16:45:00.000Z;4537.8
2025-04-10T17:00:00.000Z;4577.8
2025-04-10T17:15:00.000Z;4852.1
2025-04-10T17:30:00.000Z;4852.2
2025-04-10T17:45:00.000Z;4852.9
2025-04-10T18:00:00.000Z;4853.1
2025-04-10T18:15:00.000Z;4928.4
2025-04-10T18:30:00.000Z;4895.3
2025-04-10T18:45:00.000Z;4862.2
2025-04-10T19:00:00.000Z;4829.1
2025-04-10T19:15:00.000Z;4668.9
2025-04-10T19:30:00.000Z;4613.2
2025-04-10T19:45:00.000Z;4557.5
2025-04-10T20:00:00.000Z;4501.8
2025-04-10T20:15:00.000Z;4292.5
2025-04-10T20:30:00.000Z;4246.2
2025-04-10T20:45:00.000Z;4199.9
2025-04-10T21:00:00.000Z;4153.6
2025-04-10T21:15:00.000Z;4217.0
2025-04-10T21:30:00.000Z;4204.3
2025-04-10T21:45:00.000Z;4191.6
2025-04-10T22:00:00.000Z;4178.9
2025-04-10T22:15:00.000Z;4239.5
2025-04-10T22:30:00.000Z;4228.8
2025-04-10T22:45:00.000Z;4218.1
2025-04-10T23:00:00.000Z;4207.4
2025-04-10T23:15:00.000Z;4178.9
2025-04-10T23:30:00.000Z;4181.0
2025-04-10T23:45:00.000Z;4183.0
2025-04-11T00:00:00.000Z;4185.1
2025-04-11T00:15:00.000Z;4228.1
2025-04-11T00:30:00.000Z;4229.7
2025-04-11T00:45:00.000Z;4231.6
2025-04-11T01:00:00.000Z;4233.2
2025-04-11T01:15:00.000Z;4225.2
2025-04-11T01:30:00.000Z;4211.0
2025-04-11T01:45:00.000Z;4196.8
2025-04-11T02:00:00.000Z;4182.6
2025-04-11T02:15:00.000Z;4190.2
2025-04-11T02:30:00.000Z;4165.8
2025-04-11T02:45:00.000Z;4141.7
2025-04-11T03:00:00.000Z;4117.4
2025-04-11T03:15:00.000Z;4165.2
2025-04-11T03:30:00.000Z;4115.2
2025-04-11T03:45:00.000Z;4065.2
2025-04-11T04:00:00.000Z;4015.2
2025-04-11T04:15:00.000Z;3865.8
2025-04-11T04:30:00.000Z;3788.7
2025-04-11T04:45:00.000Z;3711.7
2025-04-11T05:00:00.000Z;3634.7
2025-04-11T05:15:00.000Z;3238.4
2025-04-11T05:30:00.000Z;3171.3
2025-04-11T05:45:00.000Z;3104.3
2025-04-11T06:00:00.000Z;3037.3
2025-04-11T06:15:00.000Z;2656.6
2025-04-11T06:30:00.000Z;2612.7
2025-04-11T06:45:00.000Z;2568.8
2025-04-11T07:00:00.000Z;2524.9
2025-04-11T07:15:00.000Z;2160.2
2025-04-11T07:30:00.000Z;2125.9
2025-04-11T07:45:00.000Z;2091.6
2025-04-11T08:00:00.000Z;2057.3
2025-04-11T08:15:00.000Z;1738.3
2025-04-11T08:30:00.000Z;1720.7
2025-04-11T08:45:00.000Z;1703.1
2025-04-11T09:00:00.000Z;1685.5
2025-04-11T09:15:00.000Z;1465.8
2025-04-11T09:30:00.000Z;1453.9
2025-04-11T09:45:00.000Z;1442.0
2025-04-11T10:00:00.000Z;1430.1
2025-04-11T10:15:00.000Z;1229.2
2025-04-11T10:30:00.000Z;1225.4
2025-04-11T10:45:00.000Z;1221.7
2025-04-11T11:00:00.000Z;1217.9
2025-04-11T11:15:00.000Z;1125.5
2025-04-11T11:30:00.000Z;1119.7
2025-04-11T11:45:00.000Z;1113.9
2025-04-11T12:00:00.000Z;1108.1
2025-04-11T12:15:00.000Z;1087.8
2025-04-11T12:30:00.000Z;1074.5
2025-04-11T12:45:00.000Z;1061.3
2025-04-11T13:00:00.000Z;1048.0
2025-04-11T13:15:00.000Z;961.0
2025-04-11T13:30:00.000Z;946.5
2025-04-11T13:45:00.000Z;932.2
2025-04-11T14:00:00.000Z;917.7
2025-04-11T14:15:00.000Z;844.3
2025-04-11T14:30:00.000Z;825.7
2025-04-11T14:45:00.000Z;807.1
2025-04-11T15:00:00.000Z;788.5
2025-04-11T15:15:00.000Z;679.4
2025-04-11T15:30:00.000Z;676.8
2025-04-11T15:45:00.000Z;674.1
2025-04-11T16:00:00.000Z;671.5
2025-04-11T16:15:00.000Z;622.2
2025-04-11T16:30:00.000Z;644.1
2025-04-11T16:45:00.000Z;666.0
2025-04-11T17:00:00.000Z;687.9
2025-04-11T17:15:00.000Z;755.8
2025-04-11T17:30:00.000Z;803.3
2025-04-11T17:45:00.000Z;850.7
2025-04-11T18:00:00.000Z;898.2
2025-04-11T18:15:00.000Z;951.9
2025-04-11T18:30:00.000Z;1023.9
2025-04-11T18:45:00.000Z;1095.9
2025-04-11T19:00:00.000Z;1168.0
2025-04-11T19:15:00.000Z;1416.6
2025-04-11T19:30:00.000Z;1497.5
2025-04-11T19:45:00.000Z;1578.3
2025-04-11T20:00:00.000Z;1659.2
2025-04-11T20:15:00.000Z;2078.1
2025-04-11T20:30:00.000Z;2157.4
2025-04-11T20:45:00.000Z;2236.7
2025-04-11T21:00:00.000Z;2316.0
2025-04-11T21:15:00.000Z;2757.1
2025-04-11T21:30:00.000Z;2832.6
2025-04-11T21:45:00.000Z;2908.0
2025-04-11T22:00:00.000Z;2983.4
2025-04-11T22:15:00.000Z;3654.7
2025-04-11T22:30:00.000Z;3714.1
2025-04-11T22:45:00.000Z;3773.6
2025-04-11T23:00:00.000Z;3833.0
2025-04-11T23:15:00.000Z;4377.8
2025-04-11T23:30:00.000Z;4429.9
2025-04-11T23:45:00.000Z;4482.0
2025-04-12T00:00:00.000Z;4534.1
2025-04-12T00:15:00.000Z;4996.7
2025-04-12T00:30:00.000Z;5041.2
2025-04-12T00:45:00.000Z;5085.7
2025-04-12T01:00:00.000Z;5130.2
2025-04-12T01:15:00.000Z;5438.3
2025-04-12T01:30:00.000Z;5467.0
2025-04-12T01:45:00.000Z;5495.7
2025-04-12T02:00:00.000Z;5524.4
2025-04-12T02:15:00.000Z;5498.8
2025-04-12T02:30:00.000Z;5525.6
2025-04-12T02:45:00.000Z;5552.3
2025-04-12T03:00:00.000Z;5579.1
2025-04-12T03:15:00.000Z;5789.6
2025-04-12T03:30:00.000Z;5787.4
2025-04-12T03:45:00.000Z;5785.2
2025-04-12T04:00:00.000Z;5783.0
2025-04-12T04:15:00.000Z;5612.5
2025-04-12T04:30:00.000Z;5611.4
2025-04-12T04:45:00.000Z;5610.7
2025-04-12T05:00:00.000Z;5609.7
2025-04-12T05:15:00.000Z;5591.9
2025-04-12T05:30:00.000Z;5561.0
2025-04-12T05:45:00.000Z;5530.1
2025-04-12T06:00:00.000Z;5499.2
2025-04-12T06:15:00.000Z;5279.9
2025-04-12T06:30:00.000Z;5271.2
2025-04-12T06:45:00.000Z;5262.6
2025-04-12T07:00:00.000Z;5253.9
2025-04-12T07:15:00.000Z;5256.4
2025-04-12T07:30:00.000Z;5240.6
2025-04-12T07:45:00.000Z;5224.9
2025-04-12T08:00:00.000Z;5209.1
2025-04-12T08:15:00.000Z;5532.2
2025-04-12T08:30:00.000Z;5434.7
2025-04-12T08:45:00.000Z;5337.3
2025-04-12T09:00:00.000Z;5239.8
2025-04-12T09:15:00.000Z;4760.6
2025-04-12T09:30:00.000Z;4611.4
2025-04-12T09:45:00.000Z;4462.1
2025-04-12T10:00:00.000Z;4312.8
2025-04-12T10:15:00.000Z;3431.7
2025-04-12T10:30:00.000Z;3411.0
2025-04-12T10:45:00.000Z;3390.3
2025-04-12T11:00:00.000Z;3369.6
2025-04-12T11:15:00.000Z;3448.5
2025-04-12T11:30:00.000Z;3439.7
2025-04-12T11:45:00.000Z;3431.0
2025-04-12T12:00:00.000Z;3422.2
2025-04-12T12:15:00.000Z;3626.5
2025-04-12T12:30:00.000Z;3609.4
2025-04-12T12:45:00.000Z;3592.6
2025-04-12T13:00:00.000Z;3575.4
2025-04-12T13:15:00.000Z;3837.6
2025-04-12T13:30:00.000Z;3805.9
2025-04-12T13:45:00.000Z;3774.3
2025-04-12T14:00:00.000Z;3742.6
2025-04-12T14:15:00.000Z;3588.2
2025-04-12T14:30:00.000Z;3554.5
2025-04-12T14:45:00.000Z;3520.9
2025-04-12T15:00:00.000Z;3487.1
2025-04-12T15:15:00.000Z;3361.4
2025-04-12T15:30:00.000Z;3314.6
2025-04-12T15:45:00.000Z;3267.9
2025-04-12T16:00:00.000Z;3221.1
2025-04-12T16:15:00.000Z;3239.2
2025-04-12T16:30:00.000Z;3187.2
2025-04-12T16:45:00.000Z;3135.2
2025-04-12T17:00:00.000Z;3083.2
2025-04-12T17:15:00.000Z;2798.8
2025-04-12T17:30:00.000Z;2778.9
2025-04-12T17:45:00.000Z;2758.9
2025-04-12T18:00:00.000Z;2739.1
2025-04-12T18:15:00.000Z;2374.0
2025-04-12T18:30:00.000Z;2375.2
2025-04-12T18:45:00.000Z;2376.2
2025-04-12T19:00:00.000Z;2377.4
2025-04-12T19:15:00.000Z;2192.7
2025-04-12T19:30:00.000Z;2231.6
2025-04-12T19:45:00.000Z;2269.9
2025-04-12T20:00:00.000Z;2308.8
2025-04-12T20:15:00.000Z;2584.2
2025-04-12T20:30:00.000Z;2652.3
2025-04-12T20:45:00.000Z;2720.5
2025-04-12T21:00:00.000Z;2788.7
2025-04-12T21:15:00.000Z;3775.8
2025-04-12T21:30:00.000Z;3783.5
2025-04-12T21:45:00.000Z;3791.3
2025-04-12T22:00:00.000Z;3799.0
2025-04-12T22:15:00.000Z;4067.7
2025-04-12T22:30:00.000Z;4058.2
2025-04-12T22:45:00.000Z;4048.6
2025-04-12T23:00:00.000Z;4039.1
2025-04-12T23:15:00.000Z;4202.8
2025-04-12T23:30:00.000Z;4190.0
2025-04-12T23:45:00.000Z;4177.2
2025-04-13T00:00:00.000Z;4164.3
2025-04-13T00:15:00.000Z;4092.5
2025-04-13T00:30:00.000Z;4074.8
2025-04-13T00:45:00.000Z;4057.0
2025-04-13T01:00:00.000Z;4039.3
2025-04-13T01:15:00.000Z;4137.4
2025-04-13T01:30:00.000Z;4111.4
2025-04-13T01:45:00.000Z;4085.5
2025-04-13T02:00:00.000Z;4059.6
2025-04-13T02:15:00.000Z;3944.4
2025-04-13T02:30:00.000Z;3918.6
2025-04-13T02:45:00.000Z;3893.1
2025-04-13T03:00:00.000Z;3867.4
2025-04-13T03:15:00.000Z;3739.7
2025-04-13T03:30:00.000Z;3713.0
2025-04-13T03:45:00.000Z;3686.3
2025-04-13T04:00:00.000Z;3659.5
2025-04-13T04:15:00.000Z;3865.1
2025-04-13T04:30:00.000Z;3777.1
2025-04-13T04:45:00.000Z;3689.3
2025-04-13T05:00:00.000Z;3601.4
2025-04-13T05:15:00.000Z;3534.8
2025-04-13T05:30:00.000Z;3410.3
2025-04-13T05:45:00.000Z;3285.8
2025-04-13T06:00:00.000Z;3161.3
2025-04-13T06:15:00.000Z;2377.1
2025-04-13T06:30:00.000Z;2336.4
2025-04-13T06:45:00.000Z;2295.8
2025-04-13T07:00:00.000Z;2255.1
2025-04-13T07:15:00.000Z;1777.2
2025-04-13T07:30:00.000Z;1773.4
2025-04-13T07:45:00.000Z;1769.5
2025-04-13T08:00:00.000Z;1765.6
2025-04-13T08:15:00.000Z;1720.7
2025-04-13T08:30:00.000Z;1735.3
2025-04-13T08:45:00.000Z;1750.0
2025-04-13T09:00:00.000Z;1764.6
2025-04-13T09:15:00.000Z;1901.5
2025-04-13T09:30:00.000Z;1831.0
2025-04-13T09:45:00.000Z;1760.5
2025-04-13T10:00:00.000Z;1690.0
2025-04-13T10:15:00.000Z;1371.0
2025-04-13T10:30:00.000Z;1370.8
2025-04-13T10:45:00.000Z;1370.6
2025-04-13T11:00:00.000Z;1370.4
2025-04-13T11:15:00.000Z;1485.9
2025-04-13T11:30:00.000Z;1489.1
2025-04-13T11:45:00.000Z;1492.3
2025-04-13T12:00:00.000Z;1495.5
2025-04-13T12:15:00.000Z;1576.3
2025-04-13T12:30:00.000Z;1574.3
2025-04-13T12:45:00.000Z;1572.3
2025-04-13T13:00:00.000Z;1570.2
2025-04-13T13:15:00.000Z;1778.8
2025-04-13T13:30:00.000Z;1794.2
2025-04-13T13:45:00.000Z;1809.6
2025-04-13T14:00:00.000Z;1825.0
2025-04-13T14:15:00.000Z;2347.3
2025-04-13T14:30:00.000Z;2363.8
2025-04-13T14:45:00.000Z;2379.9
2025-04-13T15:00:00.000Z;2396.4
2025-04-13T15:15:00.000Z;2579.9
2025-04-13T15:30:00.000Z;2641.9
2025-04-13T15:45:00.000Z;2703.5
2025-04-13T16:00:00.000Z;2765.5
2025-04-13T16:15:00.000Z;3209.2
2025-04-13T16:30:00.000Z;3283.0
2025-04-13T16:45:00.000Z;3356.5
2025-04-13T17:00:00.000Z;3430.4
2025-04-13T17:15:00.000Z;3703.4
2025-04-13T17:30:00.000Z;3803.2
2025-04-13T17:45:00.000Z;3902.8
2025-04-13T18:00:00.000Z;4002.6
2025-04-13T18:15:00.000Z;4384.9
2025-04-13T18:30:00.000Z;4450.8
2025-04-13T18:45:00.000Z;4516.8
2025-04-13T19:00:00.000Z;4582.8
2025-04-13T19:15:00.000Z;4801.0
2025-04-13T19:30:00.000Z;4838.8
2025-04-13T19:45:00.000Z;4876.6
2025-04-13T20:00:00.000Z;4914.4
2025-04-13T20:15:00.000Z;5105.5
2025-04-13T20:30:00.000Z;5060.3
2025-04-13T20:45:00.000Z;5015.1
2025-04-13T21:00:00.000Z;4969.8
2025-04-13T21:15:00.000Z;4583.8
2025-04-13T21:30:00.000Z;4593.9
2025-04-13T21:45:00.000Z;4604.0
2025-04-13T22:00:00.000Z;4614.2
2025-04-13T22:15:00.000Z;5308.5
2025-04-13T22:30:00.000Z;5312.7
2025-04-13T22:45:00.000Z;5316.9
2025-04-13T23:00:00.000Z;5321.2
2025-04-13T23:15:00.000Z;5444.3
2025-04-13T23:30:00.000Z;5448.0
2025-04-13T23:45:00.000Z;5451.7
2025-04-14T00:00:00.000Z;5455.4
2025-04-14T00:15:00.000Z;5734.7
2025-04-14T00:30:00.000Z;5728.5
2025-04-14T00:45:00.000Z;5722.3
2025-04-14T01:00:00.000Z;5716.1
2025-04-14T01:15:00.000Z;5561.6
2025-04-14T01:30:00.000Z;5555.1
2025-04-14T01:45:00.000Z;5548.6
2025-04-14T02:00:00.000Z;5542.1
2025-04-14T02:15:00.000Z;5574.1
2025-04-14T02:30:00.000Z;5562.9
2025-04-14T02:45:00.000Z;5551.8
2025-04-14T03:00:00.000Z;5540.6
2025-04-14T03:15:00.000Z;5629.2
2025-04-14T03:30:00.000Z;5612.0
2025-04-14T03:45:00.000Z;5594.9
2025-04-14T04:00:00.000Z;5577.7
2025-04-14T04:15:00.000Z;5637.0
2025-04-14T04:30:00.000Z;5618.3
2025-04-14T04:45:00.000Z;5599.7
2025-04-14T05:00:00.000Z;5581.0
2025-04-14T05:15:00.000Z;5504.2
2025-04-14T05:30:00.000Z;5491.6
2025-04-14T05:45:00.000Z;5478.9
2025-04-14T06:00:00.000Z;5466.3
2025-04-14T06:15:00.000Z;5414.2
2025-04-14T06:30:00.000Z;5385.6
2025-04-14T06:45:00.000Z;5357.0
2025-04-14T07:00:00.000Z;5328.4
2025-04-14T07:15:00.000Z;5087.1
2025-04-14T07:30:00.000Z;5067.3
2025-04-14T07:45:00.000Z;5047.5
2025-04-14T08:00:00.000Z;5027.7
2025-04-14T08:15:00.000Z;4927.9
2025-04-14T08:30:00.000Z;4897.3
2025-04-14T08:45:00.000Z;4866.9
2025-04-14T09:00:00.000Z;4836.3
2025-04-14T09:15:00.000Z;4507.8
2025-04-14T09:30:00.000Z;4506.4
2025-04-14T09:45:00.000Z;4504.9
2025-04-14T10:00:00.000Z;4503.5
2025-04-14T10:15:00.000Z;4607.1
2025-04-14T10:30:00.000Z;4602.3
2025-04-14T10:45:00.000Z;4597.3
2025-04-14T11:00:00.000Z;4592.6
2025-04-14T11:15:00.000Z;4667.3
2025-04-14T11:30:00.000Z;4675.7
2025-04-14T11:45:00.000Z;4684.1
2025-04-14T12:00:00.000Z;4692.5
2025-04-14T12:15:00.000Z;4777.5
2025-04-14T12:30:00.000Z;4781.1
2025-04-14T12:45:00.000Z;4784.6
2025-04-14T13:00:00.000Z;4788.1
2025-04-14T13:15:00.000Z;4731.6
2025-04-14T13:30:00.000Z;4737.3
2025-04-14T13:45:00.000Z;4743.1
2025-04-14T14:00:00.000Z;4748.8
2025-04-14T14:15:00.000Z;4825.6
2025-04-14T14:30:00.000Z;4809.3
2025-04-14T14:45:00.000Z;4793.0
2025-04-14T15:00:00.000Z;4776.6
2025-04-14T15:15:00.000Z;4927.5
2025-04-14T15:30:00.000Z;4885.2
2025-04-14T15:45:00.000Z;4843.0
2025-04-14T16:00:00.000Z;4800.7
2025-04-14T16:15:00.000Z;4776.7
2025-04-14T16:30:00.000Z;4738.9
2025-04-14T16:45:00.000Z;4701.5
2025-04-14T17:00:00.000Z;4663.7
2025-04-14T17:15:00.000Z;4441.1
2025-04-14T17:30:00.000Z;4424.3
2025-04-14T17:45:00.000Z;4407.6
2025-04-14T18:00:00.000Z;4390.8
2025-04-14T18:15:00.000Z;4070.8
2025-04-14T18:30:00.000Z;4070.3
2025-04-14T18:45:00.000Z;4069.8
2025-04-14T19:00:00.000Z;4069.4
2025-04-14T19:15:00.000Z;3882.5
2025-04-14T19:30:00.000Z;3875.9
2025-04-14T19:45:00.000Z;3869.4
2025-04-14T20:00:00.000Z;3862.8
2025-04-14T20:15:00.000Z;3894.3
2025-04-14T20:30:00.000Z;3908.7
2025-04-14T20:45:00.000Z;3923.1
2025-04-14T21:00:00.000Z;3937.5
2025-04-14T21:15:00.000Z;4082.5
2025-04-14T21:30:00.000Z;4100.6
2025-04-14T21:45:00.000Z;4118.7
2025-04-14T22:00:00.000Z;4136.7
2025-04-14T22:15:00.000Z;4233.4
2025-04-14T22:30:00.000Z;4227.3
2025-04-14T22:45:00.000Z;4221.2
2025-04-14T23:00:00.000Z;4215.2
2025-04-14T23:15:00.000Z;4110.1
2025-04-14T23:30:00.000Z;4100.5
2025-04-14T23:45:00.000Z;4090.9
2025-04-15T00:00:00.000Z;4081.3
2025-04-15T00:15:00.000Z;3921.3
2025-04-15T00:30:00.000Z;3911.4
2025-04-15T00:45:00.000Z;3901.5
2025-04-15T01:00:00.000Z;3891.6
2025-04-15T01:15:00.000Z;3938.8
2025-04-15T01:30:00.000Z;3913.7
2025-04-15T01:45:00.000Z;3888.8
2025-04-15T02:00:00.000Z;3863.8
2025-04-15T02:15:00.000Z;3780.2
2025-04-15T02:30:00.000Z;3738.9
2025-04-15T02:45:00.000Z;3697.7
2025-04-15T03:00:00.000Z;3656.4
2025-04-15T03:15:00.000Z;3924.9
2025-04-15T03:30:00.000Z;3875.9
2025-04-15T03:45:00.000Z;3827.2
2025-04-15T04:00:00.000Z;3778.2
2025-04-15T04:15:00.000Z;3799.0
2025-04-15T04:30:00.000Z;3712.3
2025-04-15T04:45:00.000Z;3625.5
2025-04-15T05:00:00.000Z;3538.7
2025-04-15T05:15:00.000Z;3403.3
2025-04-15T05:30:00.000Z;3313.6
2025-04-15T05:45:00.000Z;3224.0
2025-04-15T06:00:00.000Z;3134.4
2025-04-15T06:15:00.000Z;2416.5
2025-04-15T06:30:00.000Z;2383.1
2025-04-15T06:45:00.000Z;2349.8
2025-04-15T07:00:00.000Z;2316.5
2025-04-15T07:15:00.000Z;1964.8
2025-04-15T07:30:00.000Z;1950.9
2025-04-15T07:45:00.000Z;1936.9
2025-04-15T08:00:00.000Z;1923.0
2025-04-15T08:15:00.000Z;1862.8
2025-04-15T08:30:00.000Z;1845.9
2025-04-15T08:45:00.000Z;1829.1
2025-04-15T09:00:00.000Z;1812.1
2025-04-15T09:15:00.000Z;1799.5
2025-04-15T09:30:00.000Z;1776.6
2025-04-15T09:45:00.000Z;1753.7
2025-04-15T10:00:00.000Z;1730.8
2025-04-15T10:15:00.000Z;1546.8
2025-04-15T10:30:00.000Z;1533.5
2025-04-15T10:45:00.000Z;1520.2
2025-04-15T11:00:00.000Z;1506.8
2025-04-15T11:15:00.000Z;1560.5
2025-04-15T11:30:00.000Z;1539.0
2025-04-15T11:45:00.000Z;1517.8
2025-04-15T12:00:00.000Z;1496.3
2025-04-15T12:15:00.000Z;1455.7
2025-04-15T12:30:00.000Z;1420.9
2025-04-15T12:45:00.000Z;1386.1
2025-04-15T13:00:00.000Z;1351.3
2025-04-15T13:15:00.000Z;1343.1
2025-04-15T13:30:00.000Z;1300.4
2025-04-15T13:45:00.000Z;1257.7
2025-04-15T14:00:00.000Z;1215.0
2025-04-15T14:15:00.000Z;1092.2
2025-04-15T14:30:00.000Z;1053.4
2025-04-15T14:45:00.000Z;1014.6
2025-04-15T15:00:00.000Z;975.8
2025-04-15T15:15:00.000Z;777.2
2025-04-15T15:30:00.000Z;751.4
2025-04-15T15:45:00.000Z;725.5
2025-04-15T16:00:00.000Z;699.7
2025-04-15T16:15:00.000Z;506.3
2025-04-15T16:30:00.000Z;508.4
2025-04-15T16:45:00.000Z;510.2
2025-04-15T17:00:00.000Z;512.2
2025-04-15T17:15:00.000Z;437.7
2025-04-15T17:30:00.000Z;469.9
2025-04-15T17:45:00.000Z;501.9
2025-04-15T18:00:00.000Z;534.2
2025-04-15T18:15:00.000Z;636.8
2025-04-15T18:30:00.000Z;713.4
2025-04-15T18:45:00.000Z;789.6
2025-04-15T19:00:00.000Z;866.3
2025-04-15T19:15:00.000Z;1176.9
2025-04-15T19:30:00.000Z;1289.6
2025-04-15T19:45:00.000Z;1402.1
2025-04-15T20:00:00.000Z;1514.8
2025-04-15T20:15:00.000Z;1968.6
2025-04-15T20:30:00.000Z;2060.9
2025-04-15T20:45:00.000Z;2153.2
2025-04-15T21:00:00.000Z;2245.5
2025-04-15T21:15:00.000Z;2420.6
2025-04-15T21:30:00.000Z;2509.9
2025-04-15T21:45:00.000Z;2599.1
2025-04-15T22:00:00.000Z;2688.4
2025-04-15T22:15:00.000Z;2881.1
2025-04-15T22:30:00.000Z;2940.7
2025-04-15T22:45:00.000Z;3000.3
2025-04-15T23:00:00.000Z;3060.0
2025-04-15T23:15:00.000Z;3159.5
2025-04-15T23:30:00.000Z;3199.4
2025-04-15T23:45:00.000Z;3239.3
2025-04-16T00:00:00.000Z;3279.2
2025-04-16T00:15:00.000Z;3610.4
2025-04-16T00:30:00.000Z;3627.5
2025-04-16T00:45:00.000Z;3644.5
2025-04-16T01:00:00.000Z;3661.6
2025-04-16T01:15:00.000Z;4070.4
2025-04-16T01:30:00.000Z;4074.1
2025-04-16T01:45:00.000Z;4077.9
2025-04-16T02:00:00.000Z;4081.6
2025-04-16T02:15:00.000Z;4175.5
2025-04-16T02:30:00.000Z;4166.0
2025-04-16T02:45:00.000Z;4156.5
2025-04-16T03:00:00.000Z;4147.0
2025-04-16T03:15:00.000Z;4298.4
2025-04-16T03:30:00.000Z;4246.6
2025-04-16T03:45:00.000Z;4194.8
2025-04-16T04:00:00.000Z;4143.0
2025-04-16T04:15:00.000Z;3834.4
2025-04-16T04:30:00.000Z;3836.3
2025-04-16T04:45:00.000Z;3838.8
2025-04-16T05:00:00.000Z;3840.7
2025-04-16T05:15:00.000Z;4266.6
2025-04-16T05:30:00.000Z;4106.9
2025-04-16T05:45:00.000Z;3947.5
2025-04-16T06:00:00.000Z;3787.8
2025-04-16T06:15:00.000Z;3247.2
2025-04-16T06:30:00.000Z;3068.2
2025-04-16T06:45:00.000Z;2889.1
2025-04-16T07:00:00.000Z;2710.0
2025-04-16T07:15:00.000Z;1158.7
2025-04-16T07:30:00.000Z;1138.3
2025-04-16T07:45:00.000Z;1117.9
2025-04-16T08:00:00.000Z;1097.6
2025-04-16T08:15:00.000Z;640.8
2025-04-16T08:30:00.000Z;647.0
2025-04-16T08:45:00.000Z;653.2
2025-04-16T09:00:00.000Z;659.5
2025-04-16T09:15:00.000Z;716.1
2025-04-16T09:30:00.000Z;731.8
2025-04-16T09:45:00.000Z;747.4
2025-04-16T10:00:00.000Z;763.1
2025-04-16T10:15:00.000Z;904.2
2025-04-16T10:30:00.000Z;915.9
2025-04-16T10:45:00.000Z;927.7
2025-04-16T11:00:00.000Z;939.4
2025-04-16T11:15:00.000Z;1168.2
2025-04-16T11:30:00.000Z;1166.3
2025-04-16T11:45:00.000Z;1164.4
2025-04-16T12:00:00.000Z;1162.6
2025-04-16T12:15:00.000Z;1306.1
2025-04-16T12:30:00.000Z;1294.4
2025-04-16T12:45:00.000Z;1282.6
2025-04-16T13:00:00.000Z;1270.8
2025-04-16T13:15:00.000Z;1181.4
2025-04-16T13:30:00.000Z;1174.2
2025-04-16T13:45:00.000Z;1166.4
2025-04-16T14:00:00.000Z;1159.2
2025-04-16T14:15:00.000Z;1034.3
2025-04-16T14:30:00.000Z;1054.1
2025-04-16T14:45:00.000Z;1073.5
2025-04-16T15:00:00.000Z;1093.3
2025-04-16T15:15:00.000Z;1102.9
2025-04-16T15:30:00.000Z;1166.3
2025-04-16T15:45:00.000Z;1229.2
2025-04-16T16:00:00.000Z;1292.6
2025-04-16T16:15:00.000Z;1463.4
2025-04-16T16:30:00.000Z;1559.1
2025-04-16T16:45:00.000Z;1654.7
2025-04-16T17:00:00.000Z;1750.3
2025-04-16T17:15:00.000Z;2095.9
2025-04-16T17:30:00.000Z;2189.5
2025-04-16T17:45:00.000Z;2283.1
2025-04-16T18:00:00.000Z;2376.7
2025-04-16T18:15:00.000Z;2583.0
2025-04-16T18:30:00.000Z;2648.0
2025-04-16T18:45:00.000Z;2713.0
2025-04-16T19:00:00.000Z;2778.0
2025-04-16T19:15:00.000Z;2983.9
2025-04-16T19:30:00.000Z;3007.7
2025-04-16T19:45:00.000Z;3031.6
2025-04-16T20:00:00.000Z;3055.4
2025-04-16T20:15:00.000Z;3211.6
2025-04-16T20:30:00.000Z;3210.2
2025-04-16T20:45:00.000Z;3208.9
2025-04-16T21:00:00.000Z;3207.5
2025-04-16T21:15:00.000Z;3022.8
2025-04-16T21:30:00.000Z;3015.7
2025-04-16T21:45:00.000Z;3008.5
2025-04-16T22:00:00.000Z;3001.3
2025-04-16T22:15:00.000Z;2893.7
2025-04-16T22:30:00.000Z;2890.3
2025-04-16T22:45:00.000Z;2887.0
2025-04-16T23:00:00.000Z;2883.7
2025-04-16T23:15:00.000Z;3060.9
2025-04-16T23:30:00.000Z;3045.2
2025-04-16T23:45:00.000Z;3029.5
2025-04-17T00:00:00.000Z;3013.8
2025-04-17T00:15:00.000Z;3278.5
2025-04-17T00:30:00.000Z;3239.7
2025-04-17T00:45:00.000Z;3200.9
2025-04-17T01:00:00.000Z;3162.0
2025-04-17T01:15:00.000Z;3070.9
2025-04-17T01:30:00.000Z;3030.2
2025-04-17T01:45:00.000Z;2989.5
2025-04-17T02:00:00.000Z;2948.8
2025-04-17T02:15:00.000Z;2729.7
2025-04-17T02:30:00.000Z;2688.9
2025-04-17T02:45:00.000Z;2648.3
2025-04-17T03:00:00.000Z;2607.5
2025-04-17T03:15:00.000Z;2464.1
2025-04-17T03:30:00.000Z;2424.6
2025-04-17T03:45:00.000Z;2385.1
2025-04-17T04:00:00.000Z;2345.6
2025-04-17T04:15:00.000Z;2117.4
2025-04-17T04:30:00.000Z;2103.1
2025-04-17T04:45:00.000Z;2088.8
2025-04-17T05:00:00.000Z;2074.5
2025-04-17T05:15:00.000Z;2115.5
2025-04-17T05:30:00.000Z;2035.5
2025-04-17T05:45:00.000Z;1955.5
2025-04-17T06:00:00.000Z;1875.5
2025-04-17T06:15:00.000Z;1369.1
2025-04-17T06:30:00.000Z;1309.0
2025-04-17T06:45:00.000Z;1248.9
2025-04-17T07:00:00.000Z;1188.8
2025-04-17T07:15:00.000Z;669.4
2025-04-17T07:30:00.000Z;657.6
2025-04-17T07:45:00.000Z;645.8
2025-04-17T08:00:00.000Z;634.0
2025-04-17T08:15:00.000Z;464.1
2025-04-17T08:30:00.000Z;468.5
2025-04-17T08:45:00.000Z;472.9
2025-04-17T09:00:00.000Z;477.2
2025-04-17T09:15:00.000Z;569.6
2025-04-17T09:30:00.000Z;585.2
2025-04-17T09:45:00.000Z;600.8
2025-04-17T10:00:00.000Z;616.4
2025-04-17T10:15:00.000Z;709.9
2025-04-17T10:30:00.000Z;717.7
2025-04-17T10:45:00.000Z;725.6
2025-04-17T11:00:00.000Z;733.4
2025-04-17T11:15:00.000Z;884.3
2025-04-17T11:30:00.000Z;884.5
2025-04-17T11:45:00.000Z;884.6
2025-04-17T12:00:00.000Z;884.9
2025-04-17T12:15:00.000Z;1110.7
2025-04-17T12:30:00.000Z;1115.5
2025-04-17T12:45:00.000Z;1120.2
2025-04-17T13:00:00.000Z;1124.9
2025-04-17T13:15:00.000Z;1050.6
2025-04-17T13:30:00.000Z;1054.5
2025-04-17T13:45:00.000Z;1058.5
2025-04-17T14:00:00.000Z;1062.4
2025-04-17T14:15:00.000Z;1066.5
2025-04-17T14:30:00.000Z;1066.7
2025-04-17T14:45:00.000Z;1066.8
2025-04-17T15:00:00.000Z;1067.0
2025-04-17T15:15:00.000Z;1067.5
2025-04-17T15:30:00.000Z;1076.2
2025-04-17T15:45:00.000Z;1084.8
2025-04-17T16:00:00.000Z;1093.5
2025-04-17T16:15:00.000Z;1016.1
2025-04-17T16:30:00.000Z;1051.5
2025-04-17T16:45:00.000Z;1086.7
2025-04-17T17:00:00.000Z;1122.1
2025-04-17T17:15:00.000Z;1211.9
2025-04-17T17:30:00.000Z;1260.8
2025-04-17T17:45:00.000Z;1309.8
2025-04-17T18:00:00.000Z;1358.7
2025-04-17T18:15:00.000Z;1701.0
2025-04-17T18:30:00.000Z;1738.7
2025-04-17T18:45:00.000Z;1776.4
2025-04-17T19:00:00.000Z;1814.2
2025-04-17T19:15:00.000Z;2144.1
2025-04-17T19:30:00.000Z;2172.9
2025-04-17T19:45:00.000Z;2201.8
2025-04-17T20:00:00.000Z;2230.6
2025-04-17T20:15:00.000Z;2572.2
2025-04-17T20:30:00.000Z;2572.4
2025-04-17T20:45:00.000Z;2572.7
2025-04-17T21:00:00.000Z;2572.9
2025-04-17T21:15:00.000Z;2521.2
2025-04-17T21:30:00.000Z;2517.6
2025-04-17T21:45:00.000Z;2513.9
2025-04-17T22:00:00.000Z;2510.3
2025-04-17T22:15:00.000Z;2734.5
2025-04-17T22:30:00.000Z;2724.2
2025-04-17T22:45:00.000Z;2714.0
2025-04-17T23:00:00.000Z;2703.7
2025-04-17T23:15:00.000Z;2749.0
2025-04-17T23:30:00.000Z;2736.7
2025-04-17T23:45:00.000Z;2724.4
2025-04-18T00:00:00.000Z;2712.1
2025-04-18T00:15:00.000Z;2693.1
2025-04-18T00:30:00.000Z;2693.1
2025-04-18T00:45:00.000Z;2693.1
2025-04-18T01:00:00.000Z;2693.1
2025-04-18T01:15:00.000Z;2723.1
2025-04-18T01:30:00.000Z;2734.3
2025-04-18T01:45:00.000Z;2745.3
2025-04-18T02:00:00.000Z;2756.4
2025-04-18T02:15:00.000Z;2720.6
2025-04-18T02:30:00.000Z;2727.4
2025-04-18T02:45:00.000Z;2734.0
2025-04-18T03:00:00.000Z;2740.8
2025-04-18T03:15:00.000Z;2712.4
2025-04-18T03:30:00.000Z;2713.4
2025-04-18T03:45:00.000Z;2714.5
2025-04-18T04:00:00.000Z;2715.5
2025-04-18T04:15:00.000Z;2588.8
2025-04-18T04:30:00.000Z;2572.3
2025-04-18T04:45:00.000Z;2556.0
2025-04-18T05:00:00.000Z;2539.5
2025-04-18T05:15:00.000Z;2445.7
2025-04-18T05:30:00.000Z;2401.1
2025-04-18T05:45:00.000Z;2356.4
2025-04-18T06:00:00.000Z;2311.8
2025-04-18T06:15:00.000Z;2188.0
2025-04-18T06:30:00.000Z;2178.1
2025-04-18T06:45:00.000Z;2168.1
2025-04-18T07:00:00.000Z;2158.1
2025-04-18T07:15:00.000Z;2276.5
2025-04-18T07:30:00.000Z;2298.8
2025-04-18T07:45:00.000Z;2321.1
2025-04-18T08:00:00.000Z;2343.5
2025-04-18T08:15:00.000Z;2513.9
2025-04-18T08:30:00.000Z;2528.3
2025-04-18T08:45:00.000Z;2542.8
2025-04-18T09:00:00.000Z;2557.3
2025-04-18T09:15:00.000Z;2865.4
2025-04-18T09:30:00.000Z;2864.2
2025-04-18T09:45:00.000Z;2863.1
2025-04-18T10:00:00.000Z;2862.0
2025-04-18T10:15:00.000Z;2651.3
2025-04-18T10:30:00.000Z;2650.6
2025-04-18T10:45:00.000Z;2649.8
2025-04-18T11:00:00.000Z;2649.1
2025-04-18T11:15:00.000Z;2448.9
2025-04-18T11:30:00.000Z;2452.9
2025-04-18T11:45:00.000Z;2457.0
2025-04-18T12:00:00.000Z;2461.0
2025-04-18T12:15:00.000Z;2358.0
2025-04-18T12:30:00.000Z;2346.4
2025-04-18T12:45:00.000Z;2334.8
2025-04-18T13:00:00.000Z;2323.2
2025-04-18T13:15:00.000Z;2204.7
2025-04-18T13:30:00.000Z;2174.4
2025-04-18T13:45:00.000Z;2144.1
2025-04-18T14:00:00.000Z;2113.8
2025-04-18T14:15:00.000Z;2031.6
2025-04-18T14:30:00.000Z;1991.1
2025-04-18T14:45:00.000Z;1950.6
2025-04-18T15:00:00.000Z;1910.2
2025-04-18T15:15:00.000Z;1813.9
2025-04-18T15:30:00.000Z;1779.0
2025-04-18T15:45:00.000Z;1744.2
2025-04-18T16:00:00.000Z;1709.3
2025-04-18T16:15:00.000Z;1572.9
2025-04-18T16:30:00.000Z;1551.4
2025-04-18T16:45:00.000Z;1529.9
2025-04-18T17:00:00.000Z;1508.4
2025-04-18T17:15:00.000Z;1382.3
2025-04-18T17:30:00.000Z;1366.2
2025-04-18T17:45:00.000Z;1350.0
2025-04-18T18:00:00.000Z;1333.8
2025-04-18T18:15:00.000Z;1206.6
2025-04-18T18:30:00.000Z;1190.6
2025-04-18T18:45:00.000Z;1174.4
2025-04-18T19:00:00.000Z;1158.4
2025-04-18T19:15:00.000Z;1021.4
2025-04-18T19:30:00.000Z;1021.4
2025-04-18T19:45:00.000Z;1021.4
2025-04-18T20:00:00.000Z;1021.3
2025-04-18T20:15:00.000Z;990.4
2025-04-18T20:30:00.000Z;1005.3
2025-04-18T20:45:00.000Z;1020.1
2025-04-18T21:00:00.000Z;1035.0
2025-04-18T21:15:00.000Z;1011.2
2025-04-18T21:30:00.000Z;1025.3
2025-04-18T21:45:00.000Z;1039.4
2025-04-18T22:00:00.000Z;1053.5
2025-04-18T22:15:00.000Z;1023.7
2025-04-18T22:30:00.000Z;1047.0
2025-04-18T22:45:00.000Z;1070.2
2025-04-18T23:00:00.000Z;1093.4
2025-04-18T23:15:00.000Z;1117.7
2025-04-18T23:30:00.000Z;1137.4
2025-04-18T23:45:00.000Z;1157.1
2025-04-19T00:00:00.000Z;1176.8
2025-04-19T00:15:00.000Z;1256.9
2025-04-19T00:30:00.000Z;1255.7
2025-04-19T00:45:00.000Z;1254.6
2025-04-19T01:00:00.000Z;1253.4
2025-04-19T01:15:00.000Z;1270.3
2025-04-19T01:30:00.000Z;1260.0
2025-04-19T01:45:00.000Z;1249.6
2025-04-19T02:00:00.000Z;1239.2
2025-04-19T02:15:00.000Z;1335.1
2025-04-19T02:30:00.000Z;1312.7
2025-04-19T02:45:00.000Z;1290.4
2025-04-19T03:00:00.000Z;1268.0
2025-04-19T03:15:00.000Z;1420.7
2025-04-19T03:30:00.000Z;1396.2
2025-04-19T03:45:00.000Z;1371.8
2025-04-19T04:00:00.000Z;1347.3
2025-04-19T04:15:00.000Z;1379.9
2025-04-19T04:30:00.000Z;1344.7
2025-04-19T04:45:00.000Z;1309.7
2025-04-19T05:00:00.000Z;1274.6
2025-04-19T05:15:00.000Z;987.5
2025-04-19T05:30:00.000Z;956.4
2025-04-19T05:45:00.000Z;925.2
2025-04-19T06:00:00.000Z;894.0
2025-04-19T06:15:00.000Z;634.8
2025-04-19T06:30:00.000Z;626.4
2025-04-19T06:45:00.000Z;617.9
2025-04-19T07:00:00.000Z;609.5
2025-04-19T07:15:00.000Z;494.3
2025-04-19T07:30:00.000Z;499.0
2025-04-19T07:45:00.000Z;503.7
2025-04-19T08:00:00.000Z;508.5
2025-04-19T08:15:00.000Z;479.8
2025-04-19T08:30:00.000Z;484.6
2025-04-19T08:45:00.000Z;489.5
2025-04-19T09:00:00.000Z;494.4
2025-04-19T09:15:00.000Z;430.1
2025-04-19T09:30:00.000Z;430.7
2025-04-19T09:45:00.000Z;431.2
2025-04-19T10:00:00.000Z;431.8
2025-04-19T10:15:00.000Z;435.1
2025-04-19T10:30:00.000Z;438.2
2025-04-19T10:45:00.000Z;441.4
2025-04-19T11:00:00.000Z;444.5
2025-04-19T11:15:00.000Z;453.3
2025-04-19T11:30:00.000Z;464.1
2025-04-19T11:45:00.000Z;474.8
2025-04-19T12:00:00.000Z;485.6
2025-04-19T12:15:00.000Z;551.6
2025-04-19T12:30:00.000Z;566.1
2025-04-19T12:45:00.000Z;580.6
2025-04-19T13:00:00.000Z;595.2
2025-04-19T13:15:00.000Z;682.4
2025-04-19T13:30:00.000Z;690.8
2025-04-19T13:45:00.000Z;699.2
2025-04-19T14:00:00.000Z;707.6
2025-04-19T14:15:00.000Z;664.8
2025-04-19T14:30:00.000Z;665.3
2025-04-19T14:45:00.000Z;665.8
2025-04-19T15:00:00.000Z;666.3
2025-04-19T15:15:00.000Z;565.9
2025-04-19T15:30:00.000Z;578.0
2025-04-19T15:45:00.000Z;589.8
2025-04-19T16:00:00.000Z;601.9
2025-04-19T16:15:00.000Z;617.8
2025-04-19T16:30:00.000Z;649.9
2025-04-19T16:45:00.000Z;681.9
2025-04-19T17:00:00.000Z;714.1
2025-04-19T17:15:00.000Z;838.9
2025-04-19T17:30:00.000Z;879.6
2025-04-19T17:45:00.000Z;920.2
2025-04-19T18:00:00.000Z;960.9
2025-04-19T18:15:00.000Z;1162.2
2025-04-19T18:30:00.000Z;1201.2
2025-04-19T18:45:00.000Z;1240.0
2025-04-19T19:00:00.000Z;1279.0
2025-04-19T19:15:00.000Z;1425.9
2025-04-19T19:30:00.000Z;1464.9
2025-04-19T19:45:00.000Z;1504.0
2025-04-19T20:00:00.000Z;1543.0
2025-04-19T20:15:00.000Z;1672.6
2025-04-19T20:30:00.000Z;1712.1
2025-04-19T20:45:00.000Z;1751.6
2025-04-19T21:00:00.000Z;1791.2
2025-04-19T21:15:00.000Z;1886.8
2025-04-19T21:30:00.000Z;1923.3
2025-04-19T21:45:00.000Z;1959.7
2025-04-19T22:00:00.000Z;1996.2
2025-04-19T22:15:00.000Z;2271.1
2025-04-19T22:30:00.000Z;2294.1
2025-04-19T22:45:00.000Z;2317.1
2025-04-19T23:00:00.000Z;2340.1
2025-04-19T23:15:00.000Z;2449.1
2025-04-19T23:30:00.000Z;2470.5
2025-04-19T23:45:00.000Z;2492.0
2025-04-20T00:00:00.000Z;2513.4
2025-04-20T00:15:00.000Z;2823.9
2025-04-20T00:30:00.000Z;2841.2
2025-04-20T00:45:00.000Z;2858.4
2025-04-20T01:00:00.000Z;2875.6
2025-04-20T01:15:00.000Z;3149.4
2025-04-20T01:30:00.000Z;3150.7
2025-04-20T01:45:00.000Z;3152.3
2025-04-20T02:00:00.000Z;3153.7
2025-04-20T02:15:00.000Z;3433.4
2025-04-20T02:30:00.000Z;3405.8
2025-04-20T02:45:00.000Z;3378.3
2025-04-20T03:00:00.000Z;3350.7
2025-04-20T03:15:00.000Z;3406.3
2025-04-20T03:30:00.000Z;3358.1
2025-04-20T03:45:00.000Z;3310.0
2025-04-20T04:00:00.000Z;3261.9
2025-04-20T04:15:00.000Z;3079.6
2025-04-20T04:30:00.000Z;2999.6
2025-04-20T04:45:00.000Z;2921.2
2025-04-20T05:00:00.000Z;2841.3
2025-04-20T05:15:00.000Z;2354.9
2025-04-20T05:30:00.000Z;2291.3
2025-04-20T05:45:00.000Z;2227.7
2025-04-20T06:00:00.000Z;2164.1
2025-04-20T06:15:00.000Z;1602.4
2025-04-20T06:30:00.000Z;1598.6
2025-04-20T06:45:00.000Z;1594.9
2025-04-20T07:00:00.000Z;1591.1
2025-04-20T07:15:00.000Z;1411.3
2025-04-20T07:30:00.000Z;1420.2
2025-04-20T07:45:00.000Z;1429.1
2025-04-20T08:00:00.000Z;1438.0
2025-04-20T08:15:00.000Z;1509.7
2025-04-20T08:30:00.000Z;1515.3
2025-04-20T08:45:00.000Z;1520.8
2025-04-20T09:00:00.000Z;1526.4
2025-04-20T09:15:00.000Z;1293.3
2025-04-20T09:30:00.000Z;1289.9
2025-04-20T09:45:00.000Z;1286.6
2025-04-20T10:00:00.000Z;1283.2
2025-04-20T10:15:00.000Z;1321.3
2025-04-20T10:30:00.000Z;1317.7
2025-04-20T10:45:00.000Z;1314.0
2025-04-20T11:00:00.000Z;1310.4
2025-04-20T11:15:00.000Z;1268.6
2025-04-20T11:30:00.000Z;1267.7
2025-04-20T11:45:00.000Z;1266.7
2025-04-20T12:00:00.000Z;1265.7
2025-04-20T12:15:00.000Z;1293.6
2025-04-20T12:30:00.000Z;1296.9
2025-04-20T12:45:00.000Z;1300.1
2025-04-20T13:00:00.000Z;1303.4
2025-04-20T13:15:00.000Z;1381.0
2025-04-20T13:30:00.000Z;1388.3
2025-04-20T13:45:00.000Z;1395.4
2025-04-20T14:00:00.000Z;1402.6
2025-04-20T14:15:00.000Z;1441.7
2025-04-20T14:30:00.000Z;1457.7
2025-04-20T14:45:00.000Z;1473.6
2025-04-20T15:00:00.000Z;1489.5
2025-04-20T15:15:00.000Z;1494.5
2025-04-20T15:30:00.000Z;1530.8
2025-04-20T15:45:00.000Z;1566.8
2025-04-20T16:00:00.000Z;1603.1
2025-04-20T16:15:00.000Z;1631.9
2025-04-20T16:30:00.000Z;1700.7
2025-04-20T16:45:00.000Z;1769.2
2025-04-20T17:00:00.000Z;1838.1
2025-04-20T17:15:00.000Z;2077.8
2025-04-20T17:30:00.000Z;2139.6
2025-04-20T17:45:00.000Z;2201.5
2025-04-20T18:00:00.000Z;2263.4
2025-04-20T18:15:00.000Z;2432.1
2025-04-20T18:30:00.000Z;2447.5
2025-04-20T18:45:00.000Z;2462.8
2025-04-20T19:00:00.000Z;2478.2
2025-04-20T19:15:00.000Z;2374.1
2025-04-20T19:30:00.000Z;2374.9
2025-04-20T19:45:00.000Z;2375.6
2025-04-20T20:00:00.000Z;2376.4
2025-04-20T20:15:00.000Z;2377.1
2025-04-20T20:30:00.000Z;2375.9
2025-04-20T20:45:00.000Z;2374.6
2025-04-20T21:00:00.000Z;2373.4
2025-04-20T21:15:00.000Z;2765.6
2025-04-20T21:30:00.000Z;2771.1
2025-04-20T21:45:00.000Z;2776.6
2025-04-20T22:00:00.000Z;2782.1
2025-04-20T22:15:00.000Z;3146.1
2025-04-20T22:30:00.000Z;3148.5
2025-04-20T22:45:00.000Z;3150.9
2025-04-20T23:00:00.000Z;3153.2
2025-04-20T23:15:00.000Z;3333.6
2025-04-20T23:30:00.000Z;3342.3
2025-04-20T23:45:00.000Z;3351.0
2025-04-21T00:00:00.000Z;3359.8
2025-04-21T00:15:00.000Z;3342.9
2025-04-21T00:30:00.000Z;3361.5
2025-04-21T00:45:00.000Z;3380.1
2025-04-21T01:00:00.000Z;3398.7
2025-04-21T01:15:00.000Z;3449.6
2025-04-21T01:30:00.000Z;3458.5
2025-04-21T01:45:00.000Z;3467.5
2025-04-21T02:00:00.000Z;3476.5
2025-04-21T02:15:00.000Z;3558.5
2025-04-21T02:30:00.000Z;3548.7
2025-04-21T02:45:00.000Z;3538.9
2025-04-21T03:00:00.000Z;3529.1
2025-04-21T03:15:00.000Z;3616.0
2025-04-21T03:30:00.000Z;3582.1
2025-04-21T03:45:00.000Z;3548.7
2025-04-21T04:00:00.000Z;3514.8
2025-04-21T04:15:00.000Z;3542.2
2025-04-21T04:30:00.000Z;3445.4
2025-04-21T04:45:00.000Z;3348.7
2025-04-21T05:00:00.000Z;3251.9
2025-04-21T05:15:00.000Z;2820.6
2025-04-21T05:30:00.000Z;2774.2
2025-04-21T05:45:00.000Z;2727.7
2025-04-21T06:00:00.000Z;2681.3
2025-04-21T06:15:00.000Z;2373.5
2025-04-21T06:30:00.000Z;2402.3
2025-04-21T06:45:00.000Z;2431.2
2025-04-21T07:00:00.000Z;2460.0
2025-04-21T07:15:00.000Z;2673.3
2025-04-21T07:30:00.000Z;2693.2
2025-04-21T07:45:00.000Z;2713.1
2025-04-21T08:00:00.000Z;2733.0
2025-04-21T08:15:00.000Z;3115.4
2025-04-21T08:30:00.000Z;3104.0
2025-04-21T08:45:00.000Z;3092.7
2025-04-21T09:00:00.000Z;3081.4
2025-04-21T09:15:00.000Z;3002.2
2025-04-21T09:30:00.000Z;2976.0
2025-04-21T09:45:00.000Z;2949.8
2025-04-21T10:00:00.000Z;2923.5
2025-04-21T10:15:00.000Z;2715.4
2025-04-21T10:30:00.000Z;2694.7
2025-04-21T10:45:00.000Z;2674.0
2025-04-21T11:00:00.000Z;2653.3
2025-04-21T11:15:00.000Z;2552.8
2025-04-21T11:30:00.000Z;2532.7
2025-04-21T11:45:00.000Z;2512.7
2025-04-21T12:00:00.000Z;2492.6
2025-04-21T12:15:00.000Z;2347.1
2025-04-21T12:30:00.000Z;2332.6
2025-04-21T12:45:00.000Z;2318.1
2025-04-21T13:00:00.000Z;2303.6
2025-04-21T13:15:00.000Z;2189.5
2025-04-21T13:30:00.000Z;2174.2
2025-04-21T13:45:00.000Z;2159.0
2025-04-21T14:00:00.000Z;2143.7
2025-04-21T14:15:00.000Z;2089.9
2025-04-21T14:30:00.000Z;2081.0
2025-04-21T14:45:00.000Z;2072.0
2025-04-21T15:00:00.000Z;2063.1
2025-04-21T15:15:00.000Z;1980.7
2025-04-21T15:30:00.000Z;1992.2
2025-04-21T15:45:00.000Z;2002.9
2025-04-21T16:00:00.000Z;2014.3
2025-04-21T16:15:00.000Z;2010.8
2025-04-21T16:30:00.000Z;2062.2
2025-04-21T16:45:00.000Z;2113.5
2025-04-21T17:00:00.000Z;2164.9
2025-04-21T17:15:00.000Z;2330.1
2025-04-21T17:30:00.000Z;2398.8
2025-04-21T17:45:00.000Z;2467.4
2025-04-21T18:00:00.000Z;2536.1
2025-04-21T18:15:00.000Z;2877.9
2025-04-21T18:30:00.000Z;2901.9
2025-04-21T18:45:00.000Z;2926.2
2025-04-21T19:00:00.000Z;2950.2
2025-04-21T19:15:00.000Z;3006.3
2025-04-21T19:30:00.000Z;2998.2
2025-04-21T19:45:00.000Z;2990.1
2025-04-21T20:00:00.000Z;2982.0
2025-04-21T20:15:00.000Z;2992.8
2025-04-21T20:30:00.000Z;2975.3
2025-04-21T20:45:00.000Z;2958.0
2025-04-21T21:00:00.000Z;2940.5
2025-04-21T21:15:00.000Z;2976.4
2025-04-21T21:30:00.000Z;2946.1
2025-04-21T21:45:00.000Z;2915.9
2025-04-21T22:00:00.000Z;2885.7
2025-04-21T22:15:00.000Z;3066.1
2025-04-21T22:30:00.000Z;3032.1
2025-04-21T22:45:00.000Z;2998.0
2025-04-21T23:00:00.000Z;2964.0
2025-04-21T23:15:00.000Z;3132.3
2025-04-21T23:30:00.000Z;3102.4
2025-04-21T23:45:00.000Z;3072.4
2025-04-22T00:00:00.000Z;3042.5
2025-04-22T00:15:00.000Z;3170.4
2025-04-22T00:30:00.000Z;3146.2
2025-04-22T00:45:00.000Z;3121.9
2025-04-22T01:00:00.000Z;3097.7
2025-04-22T01:15:00.000Z;3241.3
2025-04-22T01:30:00.000Z;3213.7
2025-04-22T01:45:00.000Z;3186.3
2025-04-22T02:00:00.000Z;3158.7
2025-04-22T02:15:00.000Z;3064.1
2025-04-22T02:30:00.000Z;3034.9
2025-04-22T02:45:00.000Z;3005.9
2025-04-22T03:00:00.000Z;2976.7
2025-04-22T03:15:00.000Z;2959.4
2025-04-22T03:30:00.000Z;2911.5
2025-04-22T03:45:00.000Z;2863.8
2025-04-22T04:00:00.000Z;2815.9
2025-04-22T04:15:00.000Z;2799.6
2025-04-22T04:30:00.000Z;2692.6
2025-04-22T04:45:00.000Z;2585.9
2025-04-22T05:00:00.000Z;2478.9
2025-04-22T05:15:00.000Z;2075.5
2025-04-22T05:30:00.000Z;1994.0
2025-04-22T05:45:00.000Z;1912.5
2025-04-22T06:00:00.000Z;1831.0
2025-04-22T06:15:00.000Z;1278.8
2025-04-22T06:30:00.000Z;1250.1
2025-04-22T06:45:00.000Z;1221.3
2025-04-22T07:00:00.000Z;1192.6
2025-04-22T07:15:00.000Z;883.4
2025-04-22T07:30:00.000Z;879.2
2025-04-22T07:45:00.000Z;875.0
2025-04-22T08:00:00.000Z;870.7
2025-04-22T08:15:00.000Z;770.9
2025-04-22T08:30:00.000Z;773.8
2025-04-22T08:45:00.000Z;776.8
2025-04-22T09:00:00.000Z;779.7
2025-04-22T09:15:00.000Z;669.2
2025-04-22T09:30:00.000Z;675.8
2025-04-22T09:45:00.000Z;682.3
2025-04-22T10:00:00.000Z;688.9
2025-04-22T10:15:00.000Z;704.6
2025-04-22T10:30:00.000Z;707.6
2025-04-22T10:45:00.000Z;710.8
2025-04-22T11:00:00.000Z;713.8
2025-04-22T11:15:00.000Z;743.7
2025-04-22T11:30:00.000Z;742.3
2025-04-22T11:45:00.000Z;740.8
2025-04-22T12:00:00.000Z;739.4
2025-04-22T12:15:00.000Z;759.8
2025-04-22T12:30:00.000Z;755.4
2025-04-22T12:45:00.000Z;751.0
2025-04-22T13:00:00.000Z;746.5
2025-04-22T13:15:00.000Z;705.5
2025-04-22T13:30:00.000Z;707.5
2025-04-22T13:45:00.000Z;709.5
2025-04-22T14:00:00.000Z;711.5
2025-04-22T14:15:00.000Z;714.1
2025-04-22T14:30:00.000Z;721.1
2025-04-22T14:45:00.000Z;728.0
2025-04-22T15:00:00.000Z;735.0
2025-04-22T15:15:00.000Z;818.8
2025-04-22T15:30:00.000Z;843.4
2025-04-22T15:45:00.000Z;867.9
2025-04-22T16:00:00.000Z;892.5
2025-04-22T16:15:00.000Z;1081.7
2025-04-22T16:30:00.000Z;1091.3
2025-04-22T16:45:00.000Z;1101.0
2025-04-22T17:00:00.000Z;1110.6
2025-04-22T17:15:00.000Z;1170.7
2025-04-22T17:30:00.000Z;1164.0
2025-04-22T17:45:00.000Z;1157.3
2025-04-22T18:00:00.000Z;1150.6
2025-04-22T18:15:00.000Z;1059.6
2025-04-22T18:30:00.000Z;1064.8
2025-04-22T18:45:00.000Z;1070.1
2025-04-22T19:00:00.000Z;1075.3
2025-04-22T19:15:00.000Z;1188.3
2025-04-22T19:30:00.000Z;1199.6
2025-04-22T19:45:00.000Z;1210.7
2025-04-22T20:00:00.000Z;1222.0
2025-04-22T20:15:00.000Z;1377.6
2025-04-22T20:30:00.000Z;1393.9
2025-04-22T20:45:00.000Z;1410.2
2025-04-22T21:00:00.000Z;1426.5
2025-04-22T21:15:00.000Z;1350.3
2025-04-22T21:30:00.000Z;1346.2
2025-04-22T21:45:00.000Z;1342.0
2025-04-22T22:00:00.000Z;1337.8
2025-04-22T22:15:00.000Z;1274.7
2025-04-22T22:30:00.000Z;1274.0
2025-04-22T22:45:00.000Z;1273.3
2025-04-22T23:00:00.000Z;1272.6
2025-04-22T23:15:00.000Z;1325.4
2025-04-22T23:30:00.000Z;1321.5
2025-04-22T23:45:00.000Z;1317.6
2025-04-23T00:00:00.000Z;1313.8
2025-04-23T00:15:00.000Z;1310.4
2025-04-23T00:30:00.000Z;1301.8
2025-04-23T00:45:00.000Z;1293.2
2025-04-23T01:00:00.000Z;1284.6
2025-04-23T01:15:00.000Z;1249.4
2025-04-23T01:30:00.000Z;1237.0
2025-04-23T01:45:00.000Z;1224.7
2025-04-23T02:00:00.000Z;1212.4
2025-04-23T02:15:00.000Z;1168.5
2025-04-23T02:30:00.000Z;1149.6
2025-04-23T02:45:00.000Z;1130.7
2025-04-23T03:00:00.000Z;1111.8
2025-04-23T03:15:00.000Z;1062.0
2025-04-23T03:30:00.000Z;1043.7
2025-04-23T03:45:00.000Z;1025.4
2025-04-23T04:00:00.000Z;1007.0
2025-04-23T04:15:00.000Z;864.5
2025-04-23T04:30:00.000Z;852.9
2025-04-23T04:45:00.000Z;841.3
2025-04-23T05:00:00.000Z;829.8
2025-04-23T05:15:00.000Z;748.2
2025-04-23T05:30:00.000Z;753.2
2025-04-23T05:45:00.000Z;758.0
2025-04-23T06:00:00.000Z;763.0
2025-04-23T06:15:00.000Z;736.8
2025-04-23T06:30:00.000Z;763.1
2025-04-23T06:45:00.000Z;789.3
2025-04-23T07:00:00.000Z;815.6
2025-04-23T07:15:00.000Z;835.8
2025-04-23T07:30:00.000Z;878.9
2025-04-23T07:45:00.000Z;921.7
2025-04-23T08:00:00.000Z;964.7
2025-04-23T08:15:00.000Z;1062.3
2025-04-23T08:30:00.000Z;1133.1
2025-04-23T08:45:00.000Z;1203.9
2025-04-23T09:00:00.000Z;1274.7
2025-04-23T09:15:00.000Z;1466.6
2025-04-23T09:30:00.000Z;1537.9
2025-04-23T09:45:00.000Z;1608.9
2025-04-23T10:00:00.000Z;1680.2
2025-04-23T10:15:00.000Z;1927.8
2025-04-23T10:30:00.000Z;2031.7
2025-04-23T10:45:00.000Z;2135.2
2025-04-23T11:00:00.000Z;2239.1
2025-04-23T11:15:00.000Z;2753.3
2025-04-23T11:30:00.000Z;2806.7
2025-04-23T11:45:00.000Z;2860.1
2025-04-23T12:00:00.000Z;2913.6
2025-04-23T12:15:00.000Z;3233.8
2025-04-23T12:30:00.000Z;3251.7
2025-04-23T12:45:00.000Z;3269.5
2025-04-23T13:00:00.000Z;3287.3
2025-04-23T13:15:00.000Z;3343.2
2025-04-23T13:30:00.000Z;3352.0
2025-04-23T13:45:00.000Z;3360.9
2025-04-23T14:00:00.000Z;3369.8
2025-04-23T14:15:00.000Z;3575.6
2025-04-23T14:30:00.000Z;3555.8
2025-04-23T14:45:00.000Z;3536.1
2025-04-23T15:00:00.000Z;3516.3
2025-04-23T15:15:00.000Z;3612.3
2025-04-23T15:30:00.000Z;3577.6
2025-04-23T15:45:00.000Z;3543.0
2025-04-23T16:00:00.000Z;3508.4
2025-04-23T16:15:00.000Z;3427.5
2025-04-23T16:30:00.000Z;3423.6
2025-04-23T16:45:00.000Z;3419.8
2025-04-23T17:00:00.000Z;3416.0
2025-04-23T17:15:00.000Z;3408.9
2025-04-23T17:30:00.000Z;3415.1
2025-04-23T17:45:00.000Z;3421.3
2025-04-23T18:00:00.000Z;3427.4
2025-04-23T18:15:00.000Z;3557.6
2025-04-23T18:30:00.000Z;3546.2
2025-04-23T18:45:00.000Z;3534.8
2025-04-23T19:00:00.000Z;3523.4
2025-04-23T19:15:00.000Z;3240.1
2025-04-23T19:30:00.000Z;3235.2
2025-04-23T19:45:00.000Z;3230.3
2025-04-23T20:00:00.000Z;3225.3
2025-04-23T20:15:00.000Z;3223.7
2025-04-23T20:30:00.000Z;3218.6
2025-04-23T20:45:00.000Z;3213.7
2025-04-23T21:00:00.000Z;3208.6
2025-04-23T21:15:00.000Z;3283.9
2025-04-23T21:30:00.000Z;3248.5
2025-04-23T21:45:00.000Z;3213.2
2025-04-23T22:00:00.000Z;3177.8
2025-04-23T22:15:00.000Z;3187.8
2025-04-23T22:30:00.000Z;3148.2
2025-04-23T22:45:00.000Z;3108.6
2025-04-23T23:00:00.000Z;3069.0
2025-04-23T23:15:00.000Z;2974.7
2025-04-23T23:30:00.000Z;2924.6
2025-04-23T23:45:00.000Z;2874.5
2025-04-24T00:00:00.000Z;2824.4
2025-04-24T00:15:00.000Z;2792.5
2025-04-24T00:30:00.000Z;2729.3
2025-04-24T00:45:00.000Z;2666.0
2025-04-24T01:00:00.000Z;2602.7
2025-04-24T01:15:00.000Z;2485.3
2025-04-24T01:30:00.000Z;2418.1
2025-04-24T01:45:00.000Z;2350.9
2025-04-24T02:00:00.000Z;2283.7
2025-04-24T02:15:00.000Z;2031.0
2025-04-24T02:30:00.000Z;1964.0
2025-04-24T02:45:00.000Z;1896.9
2025-04-24T03:00:00.000Z;1829.8
2025-04-24T03:15:00.000Z;1514.1
2025-04-24T03:30:00.000Z;1454.5
2025-04-24T03:45:00.000Z;1394.9
2025-04-24T04:00:00.000Z;1335.3
2025-04-24T04:15:00.000Z;1017.6
2025-04-24T04:30:00.000Z;976.7
2025-04-24T04:45:00.000Z;935.8
2025-04-24T05:00:00.000Z;894.9
2025-04-24T05:15:00.000Z;621.4
2025-04-24T05:30:00.000Z;606.7
2025-04-24T05:45:00.000Z;592.0
2025-04-24T06:00:00.000Z;577.3
2025-04-24T06:15:00.000Z;374.7
2025-04-24T06:30:00.000Z;376.5
2025-04-24T06:45:00.000Z;378.3
2025-04-24T07:00:00.000Z;380.2
2025-04-24T07:15:00.000Z;316.9
2025-04-24T07:30:00.000Z;324.8
2025-04-24T07:45:00.000Z;332.7
2025-04-24T08:00:00.000Z;340.5
2025-04-24T08:15:00.000Z;397.6
2025-04-24T08:30:00.000Z;403.8
2025-04-24T08:45:00.000Z;410.0
2025-04-24T09:00:00.000Z;416.2
2025-04-24T09:15:00.000Z;521.2
2025-04-24T09:30:00.000Z;521.7
2025-04-24T09:45:00.000Z;522.2
2025-04-24T10:00:00.000Z;522.8
2025-04-24T10:15:00.000Z;515.1
2025-04-24T10:30:00.000Z;517.8
2025-04-24T10:45:00.000Z;520.6
2025-04-24T11:00:00.000Z;523.3
2025-04-24T11:15:00.000Z;529.9
2025-04-24T11:30:00.000Z;534.6
2025-04-24T11:45:00.000Z;539.3
2025-04-24T12:00:00.000Z;543.9
2025-04-24T12:15:00.000Z;591.6
2025-04-24T12:30:00.000Z;591.8
2025-04-24T12:45:00.000Z;592.0
2025-04-24T13:00:00.000Z;592.2
2025-04-24T13:15:00.000Z;603.5
2025-04-24T13:30:00.000Z;599.9
2025-04-24T13:45:00.000Z;596.3
2025-04-24T14:00:00.000Z;592.8
2025-04-24T14:15:00.000Z;547.9
2025-04-24T14:30:00.000Z;539.7
2025-04-24T14:45:00.000Z;531.5
2025-04-24T15:00:00.000Z;523.3
2025-04-24T15:15:00.000Z;491.0
2025-04-24T15:30:00.000Z;485.5
2025-04-24T15:45:00.000Z;479.8
2025-04-24T16:00:00.000Z;474.2
2025-04-24T16:15:00.000Z;494.4
2025-04-24T16:30:00.000Z;499.3
2025-04-24T16:45:00.000Z;504.2
2025-04-24T17:00:00.000Z;509.2
2025-04-24T17:15:00.000Z;538.6
2025-04-24T17:30:00.000Z;546.4
2025-04-24T17:45:00.000Z;554.1
2025-04-24T18:00:00.000Z;561.9
2025-04-24T18:15:00.000Z;601.2
2025-04-24T18:30:00.000Z;600.7
2025-04-24T18:45:00.000Z;600.2
2025-04-24T19:00:00.000Z;599.6
2025-04-24T19:15:00.000Z;605.5
2025-04-24T19:30:00.000Z;595.9
2025-04-24T19:45:00.000Z;586.3
2025-04-24T20:00:00.000Z;576.6
2025-04-24T20:15:00.000Z;529.3
2025-04-24T20:30:00.000Z;516.9
2025-04-24T20:45:00.000Z;504.4
2025-04-24T21:00:00.000Z;492.0
2025-04-24T21:15:00.000Z;652.2
2025-04-24T21:30:00.000Z;645.2
2025-04-24T21:45:00.000Z;638.3
2025-04-24T22:00:00.000Z;631.4
2025-04-24T22:15:00.000Z;656.5
2025-04-24T22:30:00.000Z;653.7
2025-04-24T22:45:00.000Z;650.8
2025-04-24T23:00:00.000Z;648.0
2025-04-24T23:15:00.000Z;618.2
2025-04-24T23:30:00.000Z;621.6
2025-04-24T23:45:00.000Z;625.0
2025-04-25T00:00:00.000Z;628.3
2025-04-25T00:15:00.000Z;620.8
2025-04-25T00:30:00.000Z;623.8
2025-04-25T00:45:00.000Z;626.7
2025-04-25T01:00:00.000Z;629.6
2025-04-25T01:15:00.000Z;671.3
2025-04-25T01:30:00.000Z;678.5
2025-04-25T01:45:00.000Z;685.5
2025-04-25T02:00:00.000Z;692.7
2025-04-25T02:15:00.000Z;739.1
2025-04-25T02:30:00.000Z;751.9
2025-04-25T02:45:00.000Z;764.7
2025-04-25T03:00:00.000Z;777.5
2025-04-25T03:15:00.000Z;904.2
2025-04-25T03:30:00.000Z;899.6
2025-04-25T03:45:00.000Z;895.0
2025-04-25T04:00:00.000Z;890.3
2025-04-25T04:15:00.000Z;952.8
2025-04-25T04:30:00.000Z;931.5
2025-04-25T04:45:00.000Z;910.2
2025-04-25T05:00:00.000Z;888.9
2025-04-25T05:15:00.000Z;819.2
2025-04-25T05:30:00.000Z;818.8
2025-04-25T05:45:00.000Z;818.3
2025-04-25T06:00:00.000Z;817.8
2025-04-25T06:15:00.000Z;817.9
2025-04-25T06:30:00.000Z;837.1
2025-04-25T06:45:00.000Z;856.2
2025-04-25T07:00:00.000Z;875.4
2025-04-25T07:15:00.000Z;881.1
2025-04-25T07:30:00.000Z;903.6
2025-04-25T07:45:00.000Z;926.0
2025-04-25T08:00:00.000Z;948.4
2025-04-25T08:15:00.000Z;1038.0
2025-04-25T08:30:00.000Z;1063.5
2025-04-25T08:45:00.000Z;1088.8
2025-04-25T09:00:00.000Z;1114.3
2025-04-25T09:15:00.000Z;1129.9
2025-04-25T09:30:00.000Z;1165.0
2025-04-25T09:45:00.000Z;1200.0
2025-04-25T10:00:00.000Z;1235.1
2025-04-25T10:15:00.000Z;1342.6
2025-04-25T10:30:00.000Z;1387.4
2025-04-25T10:45:00.000Z;1432.3
2025-04-25T11:00:00.000Z;1477.1
2025-04-25T11:15:00.000Z;1702.1
2025-04-25T11:30:00.000Z;1734.0
2025-04-25T11:45:00.000Z;1765.9
2025-04-25T12:00:00.000Z;1797.8
2025-04-25T12:15:00.000Z;2046.8
2025-04-25T12:30:00.000Z;2054.2
2025-04-25T12:45:00.000Z;2061.8
2025-04-25T13:00:00.000Z;2069.2
2025-04-25T13:15:00.000Z;2168.3
2025-04-25T13:30:00.000Z;2157.8
2025-04-25T13:45:00.000Z;2147.3
2025-04-25T14:00:00.000Z;2136.8
2025-04-25T14:15:00.000Z;2195.3
2025-04-25T14:30:00.000Z;2174.8
2025-04-25T14:45:00.000Z;2154.3
2025-04-25T15:00:00.000Z;2133.8
2025-04-25T15:15:00.000Z;2075.2
2025-04-25T15:30:00.000Z;2070.5
2025-04-25T15:45:00.000Z;2065.6
2025-04-25T16:00:00.000Z;2061.0
2025-04-25T16:15:00.000Z;2182.6
2025-04-25T16:30:00.000Z;2211.5
2025-04-25T16:45:00.000Z;2240.4
2025-04-25T17:00:00.000Z;2269.4
2025-04-25T17:15:00.000Z;2510.2
2025-04-25T17:30:00.000Z;2538.3
2025-04-25T17:45:00.000Z;2566.4
2025-04-25T18:00:00.000Z;2594.6
2025-04-25T18:15:00.000Z;2645.3
2025-04-25T18:30:00.000Z;2659.8
2025-04-25T18:45:00.000Z;2674.1
2025-04-25T19:00:00.000Z;2688.7
2025-04-25T19:15:00.000Z;2496.2
2025-04-25T19:30:00.000Z;2522.2
2025-04-25T19:45:00.000Z;2548.2
2025-04-25T20:00:00.000Z;2574.1
2025-04-25T20:15:00.000Z;2620.1
2025-04-25T20:30:00.000Z;2639.3
2025-04-25T20:45:00.000Z;2658.5
2025-04-25T21:00:00.000Z;2677.6
2025-04-25T21:15:00.000Z;3123.0
2025-04-25T21:30:00.000Z;3146.5
2025-04-25T21:45:00.000Z;3170.0
2025-04-25T22:00:00.000Z;3193.5
2025-04-25T22:15:00.000Z;3442.9
2025-04-25T22:30:00.000Z;3463.7
2025-04-25T22:45:00.000Z;3484.4
2025-04-25T23:00:00.000Z;3505.1
2025-04-25T23:15:00.000Z;3834.8
2025-04-25T23:30:00.000Z;3833.1
2025-04-25T23:45:00.000Z;3831.4
2025-04-26T00:00:00.000Z;3829.7
2025-04-26T00:15:00.000Z;3766.3
2025-04-26T00:30:00.000Z;3767.8
2025-04-26T00:45:00.000Z;3769.4
2025-04-26T01:00:00.000Z;3770.9
2025-04-26T01:15:00.000Z;3893.6
2025-04-26T01:30:00.000Z;3887.2
2025-04-26T01:45:00.000Z;3881.1
2025-04-26T02:00:00.000Z;3874.8
2025-04-26T02:15:00.000Z;3887.4
2025-04-26T02:30:00.000Z;3839.5
2025-04-26T02:45:00.000Z;3791.8
2025-04-26T03:00:00.000Z;3743.9
2025-04-26T03:15:00.000Z;3525.4
2025-04-26T03:30:00.000Z;3459.5
2025-04-26T03:45:00.000Z;3393.6
2025-04-26T04:00:00.000Z;3327.8
2025-04-26T04:15:00.000Z;2975.5
2025-04-26T04:30:00.000Z;2938.9
2025-04-26T04:45:00.000Z;2902.3
2025-04-26T05:00:00.000Z;2865.7
2025-04-26T05:15:00.000Z;2794.0
2025-04-26T05:30:00.000Z;2786.7
2025-04-26T05:45:00.000Z;2779.4
2025-04-26T06:00:00.000Z;2772.1
2025-04-26T06:15:00.000Z;2754.4
2025-04-26T06:30:00.000Z;2760.5
2025-04-26T06:45:00.000Z;2766.6
2025-04-26T07:00:00.000Z;2772.7
2025-04-26T07:15:00.000Z;2931.1
2025-04-26T07:30:00.000Z;2925.9
2025-04-26T07:45:00.000Z;2920.7
2025-04-26T08:00:00.000Z;2915.6
2025-04-26T08:15:00.000Z;3051.1
2025-04-26T08:30:00.000Z;3052.8
2025-04-26T08:45:00.000Z;3054.5
2025-04-26T09:00:00.000Z;3056.3
2025-04-26T09:15:00.000Z;3040.6
2025-04-26T09:30:00.000Z;3020.7
2025-04-26T09:45:00.000Z;3000.8
2025-04-26T10:00:00.000Z;2980.9
2025-04-26T10:15:00.000Z;2858.6
2025-04-26T10:30:00.000Z;2852.6
2025-04-26T10:45:00.000Z;2846.7
2025-04-26T11:00:00.000Z;2840.7
2025-04-26T11:15:00.000Z;2823.5
2025-04-26T11:30:00.000Z;2766.1
2025-04-26T11:45:00.000Z;2708.8
2025-04-26T12:00:00.000Z;2651.3
2025-04-26T12:15:00.000Z;2346.1
2025-04-26T12:30:00.000Z;2337.5
2025-04-26T12:45:00.000Z;2329.0
2025-04-26T13:00:00.000Z;2320.5
2025-04-26T13:15:00.000Z;2563.4
2025-04-26T13:30:00.000Z;2532.5
2025-04-26T13:45:00.000Z;2501.6
2025-04-26T14:00:00.000Z;2470.7
2025-04-26T14:15:00.000Z;2246.3
2025-04-26T14:30:00.000Z;2210.0
2025-04-26T14:45:00.000Z;2173.8
2025-04-26T15:00:00.000Z;2137.6
2025-04-26T15:15:00.000Z;1914.2
2025-04-26T15:30:00.000Z;1879.0
2025-04-26T15:45:00.000Z;1843.8
2025-04-26T16:00:00.000Z;1808.6
2025-04-26T16:15:00.000Z;1608.1
2025-04-26T16:30:00.000Z;1596.5
2025-04-26T16:45:00.000Z;1584.9
2025-04-26T17:00:00.000Z;1573.3
2025-04-26T17:15:00.000Z;1422.1
2025-04-26T17:30:00.000Z;1428.2
2025-04-26T17:45:00.000Z;1434.4
2025-04-26T18:00:00.000Z;1440.5
2025-04-26T18:15:00.000Z;1413.0
2025-04-26T18:30:00.000Z;1401.7
2025-04-26T18:45:00.000Z;1390.9
2025-04-26T19:00:00.000Z;1379.7
2025-04-26T19:15:00.000Z;1210.0
2025-04-26T19:30:00.000Z;1181.8
2025-04-26T19:45:00.000Z;1153.7
2025-04-26T20:00:00.000Z;1125.5
2025-04-26T20:15:00.000Z;946.7
2025-04-26T20:30:00.000Z;922.2
2025-04-26T20:45:00.000Z;897.7
2025-04-26T21:00:00.000Z;873.2
2025-04-26T21:15:00.000Z;782.3
2025-04-26T21:30:00.000Z;792.6
2025-04-26T21:45:00.000Z;802.8
2025-04-26T22:00:00.000Z;813.1
2025-04-26T22:15:00.000Z;866.6
2025-04-26T22:30:00.000Z;865.5
2025-04-26T22:45:00.000Z;864.4
2025-04-26T23:00:00.000Z;863.4
2025-04-26T23:15:00.000Z;918.3
2025-04-26T23:30:00.000Z;917.0
2025-04-26T23:45:00.000Z;915.7
2025-04-27T00:00:00.000Z;914.3
2025-04-27T00:15:00.000Z;819.3
2025-04-27T00:30:00.000Z;831.2
2025-04-27T00:45:00.000Z;843.0
2025-04-27T01:00:00.000Z;855.0
2025-04-27T01:15:00.000Z;882.3
2025-04-27T01:30:00.000Z;896.9
2025-04-27T01:45:00.000Z;911.1
2025-04-27T02:00:00.000Z;925.6
2025-04-27T02:15:00.000Z;943.1
2025-04-27T02:30:00.000Z;975.5
2025-04-27T02:45:00.000Z;1008.0
2025-04-27T03:00:00.000Z;1040.4
2025-04-27T03:15:00.000Z;1181.0
2025-04-27T03:30:00.000Z;1190.3
2025-04-27T03:45:00.000Z;1199.7
2025-04-27T04:00:00.000Z;1209.0
2025-04-27T04:15:00.000Z;1284.6
2025-04-27T04:30:00.000Z;1252.6
2025-04-27T04:45:00.000Z;1220.7
2025-04-27T05:00:00.000Z;1188.8
2025-04-27T05:15:00.000Z;1133.3
2025-04-27T05:30:00.000Z;1126.0
2025-04-27T05:45:00.000Z;1118.5
2025-04-27T06:00:00.000Z;1111.1
2025-04-27T06:15:00.000Z;1158.3
2025-04-27T06:30:00.000Z;1181.2
2025-04-27T06:45:00.000Z;1203.9
2025-04-27T07:00:00.000Z;1226.8
2025-04-27T07:15:00.000Z;1420.8
2025-04-27T07:30:00.000Z;1458.0
2025-04-27T07:45:00.000Z;1495.2
2025-04-27T08:00:00.000Z;1532.4
2025-04-27T08:15:00.000Z;1789.0
2025-04-27T08:30:00.000Z;1760.5
2025-04-27T08:45:00.000Z;1732.1
2025-04-27T09:00:00.000Z;1703.6
2025-04-27T09:15:00.000Z;1705.5
2025-04-27T09:30:00.000Z;1722.3
2025-04-27T09:45:00.000Z;1739.4
2025-04-27T10:00:00.000Z;1756.3
2025-04-27T10:15:00.000Z;1913.9
2025-04-27T10:30:00.000Z;1900.3
2025-04-27T10:45:00.000Z;1886.7
2025-04-27T11:00:00.000Z;1873.1
2025-04-27T11:15:00.000Z;1777.4
2025-04-27T11:30:00.000Z;1763.8
2025-04-27T11:45:00.000Z;1750.2
2025-04-27T12:00:00.000Z;1736.6
2025-04-27T12:15:00.000Z;1651.9
2025-04-27T12:30:00.000Z;1632.7
2025-04-27T12:45:00.000Z;1613.4
2025-04-27T13:00:00.000Z;1594.2
2025-04-27T13:15:00.000Z;1574.9
2025-04-27T13:30:00.000Z;1553.4
2025-04-27T13:45:00.000Z;1531.9
2025-04-27T14:00:00.000Z;1510.4
2025-04-27T14:15:00.000Z;1625.9
2025-04-27T14:30:00.000Z;1586.6
2025-04-27T14:45:00.000Z;1547.4
2025-04-27T15:00:00.000Z;1508.1
2025-04-27T15:15:00.000Z;1402.7
2025-04-27T15:30:00.000Z;1387.9
2025-04-27T15:45:00.000Z;1372.9
2025-04-27T16:00:00.000Z;1358.1
2025-04-27T16:15:00.000Z;1382.1
2025-04-27T16:30:00.000Z;1394.5
2025-04-27T16:45:00.000Z;1407.0
2025-04-27T17:00:00.000Z;1419.5
2025-04-27T17:15:00.000Z;1502.9
2025-04-27T17:30:00.000Z;1518.3
2025-04-27T17:45:00.000Z;1533.6
2025-04-27T18:00:00.000Z;1548.9
2025-04-27T18:15:00.000Z;1446.5
2025-04-27T18:30:00.000Z;1449.1
2025-04-27T18:45:00.000Z;1451.7
2025-04-27T19:00:00.000Z;1454.4
2025-04-27T19:15:00.000Z;1337.0
2025-04-27T19:30:00.000Z;1346.8
2025-04-27T19:45:00.000Z;1356.6
2025-04-27T20:00:00.000Z;1366.4
2025-04-27T20:15:00.000Z;1460.7
2025-04-27T20:30:00.000Z;1471.7
2025-04-27T20:45:00.000Z;1482.7
2025-04-27T21:00:00.000Z;1493.8
2025-04-27T21:15:00.000Z;1836.0
2025-04-27T21:30:00.000Z;1832.3
2025-04-27T21:45:00.000Z;1828.5
2025-04-27T22:00:00.000Z;1824.7
2025-04-27T22:15:00.000Z;1901.0
2025-04-27T22:30:00.000Z;1893.4
2025-04-27T22:45:00.000Z;1885.8
2025-04-27T23:00:00.000Z;1878.3
2025-04-27T23:15:00.000Z;1903.1
2025-04-27T23:30:00.000Z;1892.4
2025-04-27T23:45:00.000Z;1881.6
2025-04-28T00:00:00.000Z;1870.9
2025-04-28T00:15:00.000Z;2030.9
2025-04-28T00:30:00.000Z;2032.3
2025-04-28T00:45:00.000Z;2033.7
2025-04-28T01:00:00.000Z;2035.1
2025-04-28T01:15:00.000Z;2065.6
2025-04-28T01:30:00.000Z;2073.2
2025-04-28T01:45:00.000Z;2080.7
2025-04-28T02:00:00.000Z;2088.3
2025-04-28T02:15:00.000Z;2182.0
2025-04-28T02:30:00.000Z;2179.0
2025-04-28T02:45:00.000Z;2176.0
2025-04-28T03:00:00.000Z;2173.0
2025-04-28T03:15:00.000Z;2116.5
2025-04-28T03:30:00.000Z;2090.8
2025-04-28T03:45:00.000Z;2065.6
2025-04-28T04:00:00.000Z;2039.8
2025-04-28T04:15:00.000Z;1974.7
2025-04-28T04:30:00.000Z;1911.0
2025-04-28T04:45:00.000Z;1847.3
2025-04-28T05:00:00.000Z;1783.6
2025-04-28T05:15:00.000Z;1329.3
2025-04-28T05:30:00.000Z;1280.4
2025-04-28T05:45:00.000Z;1231.4
2025-04-28T06:00:00.000Z;1182.5
2025-04-28T06:15:00.000Z;669.7
2025-04-28T06:30:00.000Z;675.5
2025-04-28T06:45:00.000Z;681.0
2025-04-28T07:00:00.000Z;686.7
2025-04-28T07:15:00.000Z;595.3
2025-04-28T07:30:00.000Z;633.2
2025-04-28T07:45:00.000Z;671.0
2025-04-28T08:00:00.000Z;708.8
2025-04-28T08:15:00.000Z;906.5
2025-04-28T08:30:00.000Z;952.4
2025-04-28T08:45:00.000Z;998.3
2025-04-28T09:00:00.000Z;1044.2
2025-04-28T09:15:00.000Z;1038.2
2025-04-28T09:30:00.000Z;1076.2
2025-04-28T09:45:00.000Z;1114.2
2025-04-28T10:00:00.000Z;1152.2
2025-04-28T10:15:00.000Z;1453.5
2025-04-28T10:30:00.000Z;1479.4
2025-04-28T10:45:00.000Z;1505.2
2025-04-28T11:00:00.000Z;1531.0
2025-04-28T11:15:00.000Z;1777.1
2025-04-28T11:30:00.000Z;1799.5
2025-04-28T11:45:00.000Z;1821.8
2025-04-28T12:00:00.000Z;1844.1
2025-04-28T12:15:00.000Z;1995.2
2025-04-28T12:30:00.000Z;2006.5
2025-04-28T12:45:00.000Z;2017.8
2025-04-28T13:00:00.000Z;2029.1
2025-04-28T13:15:00.000Z;2155.7
2025-04-28T13:30:00.000Z;2147.9
2025-04-28T13:45:00.000Z;2140.1
2025-04-28T14:00:00.000Z;2132.2
2025-04-28T14:15:00.000Z;2190.2
2025-04-28T14:30:00.000Z;2170.9
2025-04-28T14:45:00.000Z;2152.1
2025-04-28T15:00:00.000Z;2132.9
2025-04-28T15:15:00.000Z;2034.0
2025-04-28T15:30:00.000Z;1997.4
2025-04-28T15:45:00.000Z;1960.9
2025-04-28T16:00:00.000Z;1924.3
2025-04-28T16:15:00.000Z;1666.6
2025-04-28T16:30:00.000Z;1639.0
2025-04-28T16:45:00.000Z;1611.3
2025-04-28T17:00:00.000Z;1583.7
2025-04-28T17:15:00.000Z;1343.7
2025-04-28T17:30:00.000Z;1343.5
2025-04-28T17:45:00.000Z;1343.4
2025-04-28T18:00:00.000Z;1343.2
2025-04-28T18:15:00.000Z;1254.4
2025-04-28T18:30:00.000Z;1272.1
2025-04-28T18:45:00.000Z;1289.8
2025-04-28T19:00:00.000Z;1307.5
2025-04-28T19:15:00.000Z;1474.2
2025-04-28T19:30:00.000Z;1482.8
2025-04-28T19:45:00.000Z;1490.8
2025-04-28T20:00:00.000Z;1499.3
2025-04-28T20:15:00.000Z;1678.8
2025-04-28T20:30:00.000Z;1718.9
2025-04-28T20:45:00.000Z;1759.0
2025-04-28T21:00:00.000Z;1799.1
2025-04-28T21:15:00.000Z;1879.1
2025-04-28T21:30:00.000Z;1907.0
2025-04-28T21:45:00.000Z;1934.6
2025-04-28T22:00:00.000Z;1962.5
2025-04-28T22:15:00.000Z;2148.3
2025-04-28T22:30:00.000Z;2176.2
2025-04-28T22:45:00.000Z;2203.8
2025-04-28T23:00:00.000Z;2231.6
2025-04-28T23:15:00.000Z;2359.3
2025-04-28T23:30:00.000Z;2435.8
2025-04-28T23:45:00.000Z;2512.3
2025-04-29T00:00:00.000Z;2588.7
2025-04-29T00:15:00.000Z;2926.7
2025-04-29T00:30:00.000Z;3004.1
2025-04-29T00:45:00.000Z;3081.5
2025-04-29T01:00:00.000Z;3158.9
2025-04-29T01:15:00.000Z;3536.8
2025-04-29T01:30:00.000Z;3571.1
2025-04-29T01:45:00.000Z;3605.4
2025-04-29T02:00:00.000Z;3639.8
2025-04-29T02:15:00.000Z;3915.2
2025-04-29T02:30:00.000Z;3908.0
2025-04-29T02:45:00.000Z;3900.9
2025-04-29T03:00:00.000Z;3893.7
2025-04-29T03:15:00.000Z;3797.6
2025-04-29T03:30:00.000Z;3757.3
2025-04-29T03:45:00.000Z;3717.1
2025-04-29T04:00:00.000Z;3676.8
2025-04-29T04:15:00.000Z;3615.2
2025-04-29T04:30:00.000Z;3559.1
2025-04-29T04:45:00.000Z;3503.0
2025-04-29T05:00:00.000Z;3446.8
2025-04-29T05:15:00.000Z;3127.9
2025-04-29T05:30:00.000Z;3085.6
2025-04-29T05:45:00.000Z;3043.4
2025-04-29T06:00:00.000Z;3001.1
2025-04-29T06:15:00.000Z;2870.0
2025-04-29T06:30:00.000Z;2839.3
2025-04-29T06:45:00.000Z;2808.6
2025-04-29T07:00:00.000Z;2778.0
2025-04-29T07:15:00.000Z;2618.1
2025-04-29T07:30:00.000Z;2606.2
2025-04-29T07:45:00.000Z;2594.4
2025-04-29T08:00:00.000Z;2582.5
2025-04-29T08:15:00.000Z;2490.3
2025-04-29T08:30:00.000Z;2462.1
2025-04-29T08:45:00.000Z;2433.9
2025-04-29T09:00:00.000Z;2405.7
2025-04-29T09:15:00.000Z;2374.0
2025-04-29T09:30:00.000Z;2371.2
2025-04-29T09:45:00.000Z;2368.1
2025-04-29T10:00:00.000Z;2365.2
2025-04-29T10:15:00.000Z;2246.4
2025-04-29T10:30:00.000Z;2248.5
2025-04-29T10:45:00.000Z;2250.8
2025-04-29T11:00:00.000Z;2253.0
2025-04-29T11:15:00.000Z;2156.7
2025-04-29T11:30:00.000Z;2156.3
2025-04-29T11:45:00.000Z;2156.2
2025-04-29T12:00:00.000Z;2155.8
2025-04-29T12:15:00.000Z;2071.4
2025-04-29T12:30:00.000Z;2055.8
2025-04-29T12:45:00.000Z;2040.3
2025-04-29T13:00:00.000Z;2024.6
2025-04-29T13:15:00.000Z;1983.9
2025-04-29T13:30:00.000Z;1954.6
2025-04-29T13:45:00.000Z;1925.3
2025-04-29T14:00:00.000Z;1896.0
2025-04-29T14:15:00.000Z;1852.4
2025-04-29T14:30:00.000Z;1810.3
2025-04-29T14:45:00.000Z;1768.2
2025-04-29T15:00:00.000Z;1726.1
2025-04-29T15:15:00.000Z;1448.4
2025-04-29T15:30:00.000Z;1421.1
2025-04-29T15:45:00.000Z;1393.8
2025-04-29T16:00:00.000Z;1366.5
2025-04-29T16:15:00.000Z;1220.7
2025-04-29T16:30:00.000Z;1221.0
2025-04-29T16:45:00.000Z;1221.3
2025-04-29T17:00:00.000Z;1221.5
2025-04-29T17:15:00.000Z;1216.7
2025-04-29T17:30:00.000Z;1231.7
2025-04-29T17:45:00.000Z;1246.8
2025-04-29T18:00:00.000Z;1261.9
2025-04-29T18:15:00.000Z;1300.6
2025-04-29T18:30:00.000Z;1298.1
2025-04-29T18:45:00.000Z;1295.6
2025-04-29T19:00:00.000Z;1293.1
2025-04-29T19:15:00.000Z;1189.0
2025-04-29T19:30:00.000Z;1176.6
2025-04-29T19:45:00.000Z;1164.1
2025-04-29T20:00:00.000Z;1151.7
2025-04-29T20:15:00.000Z;1069.9
2025-04-29T20:30:00.000Z;1061.8
2025-04-29T20:45:00.000Z;1053.8
2025-04-29T21:00:00.000Z;1045.7
2025-04-29T21:15:00.000Z;1374.9
2025-04-29T21:30:00.000Z;1340.7
2025-04-29T21:45:00.000Z;1306.4
2025-04-29T22:00:00.000Z;1272.2
2025-04-29T22:15:00.000Z;1143.2
2025-04-29T22:30:00.000Z;1109.3
2025-04-29T22:45:00.000Z;1075.3
2025-04-29T23:00:00.000Z;1041.3
2025-04-29T23:15:00.000Z;821.0
2025-04-29T23:30:00.000Z;804.3
2025-04-29T23:45:00.000Z;787.6
2025-04-30T00:00:00.000Z;770.9
2025-04-30T00:15:00.000Z;802.9
2025-04-30T00:30:00.000Z;799.7
2025-04-30T00:45:00.000Z;796.7
2025-04-30T01:00:00.000Z;793.5
2025-04-30T01:15:00.000Z;872.5
2025-04-30T01:30:00.000Z;861.0
2025-04-30T01:45:00.000Z;849.5
2025-04-30T02:00:00.000Z;838.0
2025-04-30T02:15:00.000Z;801.8
2025-04-30T02:30:00.000Z;789.8
2025-04-30T02:45:00.000Z;777.7
2025-04-30T03:00:00.000Z;765.7
2025-04-30T03:15:00.000Z;635.2
2025-04-30T03:30:00.000Z;621.3
2025-04-30T03:45:00.000Z;607.3
2025-04-30T04:00:00.000Z;593.3
2025-04-30T04:15:00.000Z;484.1
2025-04-30T04:30:00.000Z;467.3
2025-04-30T04:45:00.000Z;450.5
2025-04-30T05:00:00.000Z;433.8
2025-04-30T05:15:00.000Z;392.2
2025-04-30T05:30:00.000Z;385.2
2025-04-30T05:45:00.000Z;378.1
2025-04-30T06:00:00.000Z;371.1
2025-04-30T06:15:00.000Z;337.8
2025-04-30T06:30:00.000Z;335.6
2025-04-30T06:45:00.000Z;333.5
2025-04-30T07:00:00.000Z;331.3
2025-04-30T07:15:00.000Z;334.3
2025-04-30T07:30:00.000Z;329.7
2025-04-30T07:45:00.000Z;325.1
2025-04-30T08:00:00.000Z;320.6
2025-04-30T08:15:00.000Z;295.9
2025-04-30T08:30:00.000Z;293.8
2025-04-30T08:45:00.000Z;291.7
2025-04-30T09:00:00.000Z;289.7
2025-04-30T09:15:00.000Z;259.5
2025-04-30T09:30:00.000Z;264.0
2025-04-30T09:45:00.000Z;268.4
2025-04-30T10:00:00.000Z;272.9
2025-04-30T10:15:00.000Z;272.1
2025-04-30T10:30:00.000Z;281.3
2025-04-30T10:45:00.000Z;290.4
2025-04-30T11:00:00.000Z;299.5
2025-04-30T11:15:00.000Z;299.2
2025-04-30T11:30:00.000Z;316.2
2025-04-30T11:45:00.000Z;333.0
2025-04-30T12:00:00.000Z;349.9
2025-04-30T12:15:00.000Z;421.5
2025-04-30T12:30:00.000Z;449.5
2025-04-30T12:45:00.000Z;477.5
2025-04-30T13:00:00.000Z;505.6
2025-04-30T13:15:00.000Z;750.8
2025-04-30T13:30:00.000Z;769.7
2025-04-30T13:45:00.000Z;788.6
2025-04-30T14:00:00.000Z;807.5
2025-04-30T14:15:00.000Z;1015.3
2025-04-30T14:30:00.000Z;1010.0
2025-04-30T14:45:00.000Z;1004.6
2025-04-30T15:00:00.000Z;999.3
2025-04-30T15:15:00.000Z;952.5
2025-04-30T15:30:00.000Z;940.9
2025-04-30T15:45:00.000Z;929.4
2025-04-30T16:00:00.000Z;917.8
2025-04-30T16:15:00.000Z;764.8
2025-04-30T16:30:00.000Z;765.5
2025-04-30T16:45:00.000Z;765.9
2025-04-30T17:00:00.000Z;766.6
2025-04-30T17:15:00.000Z;717.8
2025-04-30T17:30:00.000Z;727.2
2025-04-30T17:45:00.000Z;736.6
2025-04-30T18:00:00.000Z;746.0
2025-04-30T18:15:00.000Z;741.6
2025-04-30T18:30:00.000Z;746.9
2025-04-30T18:45:00.000Z;752.2
2025-04-30T19:00:00.000Z;757.5
2025-04-30T19:15:00.000Z;763.7
2025-04-30T19:30:00.000Z;756.3
2025-04-30T19:45:00.000Z;748.8
2025-04-30T20:00:00.000Z;741.3
2025-04-30T20:15:00.000Z;690.5
2025-04-30T20:30:00.000Z;693.4
2025-04-30T20:45:00.000Z;696.3
2025-04-30T21:00:00.000Z;699.2
2025-04-30T21:15:00.000Z;779.6
2025-04-30T21:30:00.000Z;786.0
2025-04-30T21:45:00.000Z;792.4
2025-04-30T22:00:00.000Z;798.9
2025-04-30T22:15:00.000Z;897.7
2025-04-30T22:30:00.000Z;918.6
2025-04-30T22:45:00.000Z;939.4
2025-04-30T23:00:00.000Z;960.3
2025-04-30T23:15:00.000Z;1047.4
2025-04-30T23:30:00.000Z;1073.1
2025-04-30T23:45:00.000Z;1098.7
2025-05-01T00:00:00.000Z;1124.4
2025-05-01T00:15:00.000Z;1312.0
2025-05-01T00:30:00.000Z;1339.8
2025-05-01T00:45:00.000Z;1367.4
2025-05-01T01:00:00.000Z;1395.2
2025-05-01T01:15:00.000Z;1582.2
2025-05-01T01:30:00.000Z;1602.5
2025-05-01T01:45:00.000Z;1622.8
2025-05-01T02:00:00.000Z;1643.1
2025-05-01T02:15:00.000Z;1737.0
2025-05-01T02:30:00.000Z;1745.7
2025-05-01T02:45:00.000Z;1754.7
2025-05-01T03:00:00.000Z;1763.4
2025-05-01T03:15:00.000Z;1852.0
2025-05-01T03:30:00.000Z;1804.9
2025-05-01T03:45:00.000Z;1758.1
2025-05-01T04:00:00.000Z;1711.0
2025-05-01T04:15:00.000Z;1426.1
2025-05-01T04:30:00.000Z;1374.9
2025-05-01T04:45:00.000Z;1323.7
2025-05-01T05:00:00.000Z;1272.6
2025-05-01T05:15:00.000Z;1102.1
2025-05-01T05:30:00.000Z;1088.2
2025-05-01T05:45:00.000Z;1074.3
2025-05-01T06:00:00.000Z;1060.4
2025-05-01T06:15:00.000Z;975.4
2025-05-01T06:30:00.000Z;980.1
2025-05-01T06:45:00.000Z;984.8
2025-05-01T07:00:00.000Z;989.4
2025-05-01T07:15:00.000Z;987.0
2025-05-01T07:30:00.000Z;991.0
2025-05-01T07:45:00.000Z;995.1
2025-05-01T08:00:00.000Z;999.2
2025-05-01T08:15:00.000Z;1113.0
2025-05-01T08:30:00.000Z;1120.3
2025-05-01T08:45:00.000Z;1127.6
2025-05-01T09:00:00.000Z;1134.9
2025-05-01T09:15:00.000Z;1095.5
2025-05-01T09:30:00.000Z;1100.9
2025-05-01T09:45:00.000Z;1106.3
2025-05-01T10:00:00.000Z;1111.7
2025-05-01T10:15:00.000Z;1193.9
2025-05-01T10:30:00.000Z;1166.4
2025-05-01T10:45:00.000Z;1138.9
2025-05-01T11:00:00.000Z;1111.3
2025-05-01T11:15:00.000Z;901.6
2025-05-01T11:30:00.000Z;907.1
2025-05-01T11:45:00.000Z;912.5
2025-05-01T12:00:00.000Z;918.0
2025-05-01T12:15:00.000Z;848.5
2025-05-01T12:30:00.000Z;878.4
2025-05-01T12:45:00.000Z;908.3
2025-05-01T13:00:00.000Z;938.2
2025-05-01T13:15:00.000Z;1004.9
2025-05-01T13:30:00.000Z;1021.9
2025-05-01T13:45:00.000Z;1038.8
2025-05-01T14:00:00.000Z;1055.8
2025-05-01T14:15:00.000Z;1145.5
2025-05-01T14:30:00.000Z;1148.3
2025-05-01T14:45:00.000Z;1151.1
2025-05-01T15:00:00.000Z;1153.9
2025-05-01T15:15:00.000Z;1131.9
2025-05-01T15:30:00.000Z;1154.2
2025-05-01T15:45:00.000Z;1176.1
2025-05-01T16:00:00.000Z;1198.3
2025-05-01T16:15:00.000Z;1275.9
2025-05-01T16:30:00.000Z;1350.0
2025-05-01T16:45:00.000Z;1423.7
2025-05-01T17:00:00.000Z;1497.8
2025-05-01T17:15:00.000Z;1881.4
2025-05-01T17:30:00.000Z;1987.9
2025-05-01T17:45:00.000Z;2094.4
2025-05-01T18:00:00.000Z;2200.9
2025-05-01T18:15:00.000Z;2758.3
2025-05-01T18:30:00.000Z;2839.2
2025-05-01T18:45:00.000Z;2920.0
2025-05-01T19:00:00.000Z;3000.9
2025-05-01T19:15:00.000Z;3199.2
2025-05-01T19:30:00.000Z;3258.8
2025-05-01T19:45:00.000Z;3318.5
2025-05-01T20:00:00.000Z;3378.1
2025-05-01T20:15:00.000Z;3583.1
2025-05-01T20:30:00.000Z;3560.6
2025-05-01T20:45:00.000Z;3538.0
2025-05-01T21:00:00.000Z;3515.5
2025-05-01T21:15:00.000Z;3375.2
2025-05-01T21:30:00.000Z;3431.2
2025-05-01T21:45:00.000Z;3487.3
2025-05-01T22:00:00.000Z;3543.2
2025-05-01T22:15:00.000Z;4250.0
2025-05-01T22:30:00.000Z;4245.2
2025-05-01T22:45:00.000Z;4240.4
2025-05-01T23:00:00.000Z;4235.7
2025-05-01T23:15:00.000Z;4277.9
2025-05-01T23:30:00.000Z;4291.5
2025-05-01T23:45:00.000Z;4305.0
2025-05-02T00:00:00.000Z;4318.6
2025-05-02T00:15:00.000Z;4521.9
2025-05-02T00:30:00.000Z;4530.1
2025-05-02T00:45:00.000Z;4538.3
2025-05-02T01:00:00.000Z;4546.6
2025-05-02T01:15:00.000Z;4517.8
2025-05-02T01:30:00.000Z;4519.6
2025-05-02T01:45:00.000Z;4521.5
2025-05-02T02:00:00.000Z;4523.4
2025-05-02T02:15:00.000Z;4478.5
2025-05-02T02:30:00.000Z;4491.2
2025-05-02T02:45:00.000Z;4503.9
2025-05-02T03:00:00.000Z;4516.6
2025-05-02T03:15:00.000Z;5218.4
2025-05-02T03:30:00.000Z;5216.6
2025-05-02T03:45:00.000Z;5214.8
2025-05-02T04:00:00.000Z;5213.0
2025-05-02T04:15:00.000Z;5244.9
2025-05-02T04:30:00.000Z;5205.3
2025-05-02T04:45:00.000Z;5165.6
2025-05-02T05:00:00.000Z;5125.9
2025-05-02T05:15:00.000Z;4938.5
2025-05-02T05:30:00.000Z;4924.3
2025-05-02T05:45:00.000Z;4910.1
2025-05-02T06:00:00.000Z;4896.0
2025-05-02T06:15:00.000Z;4829.7
2025-05-02T06:30:00.000Z;4874.4
2025-05-02T06:45:00.000Z;4919.0
2025-05-02T07:00:00.000Z;4963.7
2025-05-02T07:15:00.000Z;5475.6
2025-05-02T07:30:00.000Z;5491.6
2025-05-02T07:45:00.000Z;5507.6
2025-05-02T08:00:00.000Z;5523.6
2025-05-02T08:15:00.000Z;5649.0
2025-05-02T08:30:00.000Z;5670.9
2025-05-02T08:45:00.000Z;5692.7
2025-05-02T09:00:00.000Z;5714.6
2025-05-02T09:15:00.000Z;5883.0
2025-05-02T09:30:00.000Z;5721.8
2025-05-02T09:45:00.000Z;5560.5
2025-05-02T10:00:00.000Z;5399.3
2025-05-02T10:15:00.000Z;4657.7
2025-05-02T10:30:00.000Z;4553.0
2025-05-02T10:45:00.000Z;4448.4
2025-05-02T11:00:00.000Z;4343.7
2025-05-02T11:15:00.000Z;3779.8
2025-05-02T11:30:00.000Z;3771.4
2025-05-02T11:45:00.000Z;3763.0
2025-05-02T12:00:00.000Z;3754.6
2025-05-02T12:15:00.000Z;3616.4
2025-05-02T12:30:00.000Z;3604.9
2025-05-02T12:45:00.000Z;3593.3
2025-05-02T13:00:00.000Z;3581.8
2025-05-02T13:15:00.000Z;5006.5
2025-05-02T13:30:00.000Z;4962.9
2025-05-02T13:45:00.000Z;4919.4
2025-05-02T14:00:00.000Z;4875.9
2025-05-02T14:15:00.000Z;4992.9
2025-05-02T14:30:00.000Z;4959.9
2025-05-02T14:45:00.000Z;4927.0
2025-05-02T15:00:00.000Z;4893.9
2025-05-02T15:15:00.000Z;5037.8
2025-05-02T15:30:00.000Z;4998.5
2025-05-02T15:45:00.000Z;4959.3
2025-05-02T16:00:00.000Z;4920.1
2025-05-02T16:15:00.000Z;5059.4
2025-05-02T16:30:00.000Z;4988.2
2025-05-02T16:45:00.000Z;4917.4
2025-05-02T17:00:00.000Z;4846.2
2025-05-02T17:15:00.000Z;4689.1
2025-05-02T17:30:00.000Z;4614.8
2025-05-02T17:45:00.000Z;4541.0
2025-05-02T18:00:00.000Z;4466.8
2025-05-02T18:15:00.000Z;3931.6
2025-05-02T18:30:00.000Z;3876.1
2025-05-02T18:45:00.000Z;3820.7
2025-05-02T19:00:00.000Z;3765.2
2025-05-02T19:15:00.000Z;3569.2
2025-05-02T19:30:00.000Z;3528.1
2025-05-02T19:45:00.000Z;3487.4
2025-05-02T20:00:00.000Z;3446.3
2025-05-02T20:15:00.000Z;3209.2
2025-05-02T20:30:00.000Z;3202.4
2025-05-02T20:45:00.000Z;3195.6
2025-05-02T21:00:00.000Z;3188.8
2025-05-02T21:15:00.000Z;3191.0
2025-05-02T21:30:00.000Z;3180.5
2025-05-02T21:45:00.000Z;3170.0
2025-05-02T22:00:00.000Z;3159.5
2025-05-02T22:15:00.000Z;3067.7
2025-05-02T22:30:00.000Z;3065.2
2025-05-02T22:45:00.000Z;3062.7
2025-05-02T23:00:00.000Z;3060.2
2025-05-02T23:15:00.000Z;2948.7
2025-05-02T23:30:00.000Z;2971.8
2025-05-02T23:45:00.000Z;2994.6
2025-05-03T00:00:00.000Z;3017.7
2025-05-03T00:15:00.000Z;2901.0
2025-05-03T00:30:00.000Z;2959.4
2025-05-03T00:45:00.000Z;3017.8
2025-05-03T01:00:00.000Z;3076.3
2025-05-03T01:15:00.000Z;3402.0
2025-05-03T01:30:00.000Z;3442.0
2025-05-03T01:45:00.000Z;3482.0
2025-05-03T02:00:00.000Z;3521.9
2025-05-03T02:15:00.000Z;3846.1
2025-05-03T02:30:00.000Z;3813.3
2025-05-03T02:45:00.000Z;3780.6
2025-05-03T03:00:00.000Z;3747.8
2025-05-03T03:15:00.000Z;3413.7
2025-05-03T03:30:00.000Z;3410.0
2025-05-03T03:45:00.000Z;3406.3
2025-05-03T04:00:00.000Z;3402.6
2025-05-03T04:15:00.000Z;3568.8
2025-05-03T04:30:00.000Z;3582.2
2025-05-03T04:45:00.000Z;3595.7
2025-05-03T05:00:00.000Z;3609.1
2025-05-03T05:15:00.000Z;3639.6
2025-05-03T05:30:00.000Z;3677.1
2025-05-03T05:45:00.000Z;3714.7
2025-05-03T06:00:00.000Z;3752.3
2025-05-03T06:15:00.000Z;3917.4
2025-05-03T06:30:00.000Z;3960.3
2025-05-03T06:45:00.000Z;3998.2
2025-05-03T07:00:00.000Z;4040.7
